2026-01-07 05:08:05,037 - INFO - __main__ - poll_stock - Starting stock polling cycle
2026-01-07 05:08:05,145 - INFO - werkzeug - _log - [31m[1mWARNING: This is a development server. Do not use it in a production deployment. Use a production WSGI server instead.[0m
 * Running on http://127.0.0.1:5000
2026-01-07 05:08:05,147 - INFO - werkzeug - _log - [33mPress CTRL+C to quit[0m
2026-01-07 05:08:05,237 - INFO - werkzeug - _log -  * Restarting with watchdog (inotify)
2026-01-07 05:08:06,909 - INFO - __main__ - poll_stock - Stock cache updated for 0 products
2026-01-07 05:08:12,499 - INFO - __main__ - poll_stock - Starting stock polling cycle
2026-01-07 05:08:12,532 - WARNING - werkzeug - _log -  * Debugger is active!
2026-01-07 05:08:12,551 - INFO - werkzeug - _log -  * Debugger PIN: 100-423-919
2026-01-07 05:08:13,581 - INFO - __main__ - poll_stock - Stock cache updated for 0 products
2026-01-07 05:11:05,815 - INFO - auth_service - _audit_log - AUDIT: LOGIN_MFA_REQUIRED - owner - unknown
2026-01-07 05:11:05,821 - INFO - werkzeug - _log - 127.0.0.1 - - [07/Jan/2026 05:11:05] "[31m[1mPOST /api/auth/login HTTP/1.1[0m" 401 -
2026-01-07 05:12:05,945 - INFO - auth_service - _audit_log - AUDIT: LOGIN_FAILED - owner - unknown
2026-01-07 05:12:05,950 - INFO - werkzeug - _log - 127.0.0.1 - - [07/Jan/2026 05:12:05] "[31m[1mPOST /api/auth/login HTTP/1.1[0m" 401 -
2026-01-07 05:12:52,350 - INFO - auth_service - _audit_log - AUDIT: LOGIN_FAILED - owner - unknown
2026-01-07 05:12:52,352 - INFO - werkzeug - _log - 127.0.0.1 - - [07/Jan/2026 05:12:52] "[31m[1mPOST /api/auth/login HTTP/1.1[0m" 401 -
2026-01-07 05:13:06,918 - INFO - __main__ - poll_stock - Starting stock polling cycle
2026-01-07 05:13:07,945 - INFO - __main__ - poll_stock - Stock cache updated for 0 products
2026-01-07 05:13:13,583 - INFO - __main__ - poll_stock - Starting stock polling cycle
2026-01-07 05:13:14,131 - INFO - __main__ - poll_stock - Stock cache updated for 0 products
2026-01-07 05:13:21,490 - INFO - auth_service - _audit_log - AUDIT: LOGIN_SUCCESS - owner - unknown
2026-01-07 05:13:21,492 - INFO - werkzeug - _log - 127.0.0.1 - - [07/Jan/2026 05:13:21] "POST /api/auth/login HTTP/1.1" 200 -
2026-01-07 05:13:59,209 - INFO - werkzeug - _log - 127.0.0.1 - - [07/Jan/2026 05:13:59] "[31m[1mPOST /api/ai/chat HTTP/1.1[0m" 401 -
2026-01-07 05:15:01,432 - INFO - werkzeug - _log - 127.0.0.1 - - [07/Jan/2026 05:15:01] "[31m[1mPOST /api/auth/setup-mfa HTTP/1.1[0m" 400 -
2026-01-07 05:15:13,053 - INFO - werkzeug - _log - 127.0.0.1 - - [07/Jan/2026 05:15:13] "[31m[1mPOST /api/auth/setup-mfa HTTP/1.1[0m" 415 -
2026-01-07 05:15:36,309 - INFO - werkzeug - _log - 127.0.0.1 - - [07/Jan/2026 05:15:36] "[31m[1mPOST /api/ai/chat HTTP/1.1[0m" 401 -
2026-01-07 05:15:50,719 - INFO - werkzeug - _log -  * Detected change in '/home/aundrae/Desktop/NoLimitsClothing/shop_app.py', reloading
2026-01-07 05:15:50,727 - INFO - werkzeug - _log -  * Detected change in '/home/aundrae/Desktop/NoLimitsClothing/shop_app.py', reloading
2026-01-07 05:15:50,741 - INFO - werkzeug - _log -  * Detected change in '/home/aundrae/Desktop/NoLimitsClothing/shop_app.py', reloading
2026-01-07 05:15:53,337 - INFO - werkzeug - _log -  * Restarting with watchdog (inotify)
2026-01-07 05:16:04,566 - INFO - __main__ - poll_stock - Starting stock polling cycle
2026-01-07 05:16:04,708 - WARNING - werkzeug - _log -  * Debugger is active!
2026-01-07 05:16:04,726 - INFO - werkzeug - _log -  * Debugger PIN: 100-423-919
2026-01-07 05:16:05,756 - INFO - __main__ - poll_stock - Stock cache updated for 0 products
2026-01-07 05:16:25,836 - INFO - werkzeug - _log - 127.0.0.1 - - [07/Jan/2026 05:16:25] "POST /api/ai/chat HTTP/1.1" 200 -
2026-01-07 05:16:38,861 - INFO - auth_service - _audit_log - AUDIT: ACCESS_DENIED - unknown - 127.0.0.1
2026-01-07 05:16:38,865 - INFO - werkzeug - _log - 127.0.0.1 - - [07/Jan/2026 05:16:38] "[31m[1mPOST /api/ai/chat HTTP/1.1[0m" 401 -
2026-01-07 05:18:07,982 - INFO - __main__ - poll_stock - Starting stock polling cycle
2026-01-07 05:18:08,888 - INFO - __main__ - poll_stock - Stock cache updated for 0 products
2026-01-07 05:19:22,539 - INFO - auth_service - _audit_log - AUDIT: LOGIN_MFA_REQUIRED - owner - unknown
2026-01-07 05:19:22,561 - INFO - werkzeug - _log - 127.0.0.1 - - [07/Jan/2026 05:19:22] "[31m[1mPOST /api/auth/login HTTP/1.1[0m" 401 -
2026-01-07 05:20:07,259 - INFO - auth_service - _audit_log - AUDIT: LOGIN_FAILED - owner - unknown
2026-01-07 05:20:07,261 - INFO - werkzeug - _log - 127.0.0.1 - - [07/Jan/2026 05:20:07] "[31m[1mPOST /api/auth/login HTTP/1.1[0m" 401 -
2026-01-07 05:20:31,997 - INFO - auth_service - _audit_log - AUDIT: ACCESS_DENIED - unknown - 127.0.0.1
2026-01-07 05:20:31,997 - INFO - werkzeug - _log - 127.0.0.1 - - [07/Jan/2026 05:20:31] "[31m[1mPOST /api/ai/chat HTTP/1.1[0m" 401 -
2026-01-07 05:21:05,760 - INFO - __main__ - poll_stock - Starting stock polling cycle
2026-01-07 05:21:06,555 - INFO - __main__ - poll_stock - Stock cache updated for 0 products
2026-01-07 05:23:08,895 - INFO - __main__ - poll_stock - Starting stock polling cycle
2026-01-07 05:23:09,529 - INFO - __main__ - poll_stock - Stock cache updated for 0 products
2026-01-07 05:26:06,587 - INFO - __main__ - poll_stock - Starting stock polling cycle
2026-01-07 05:26:07,224 - INFO - __main__ - poll_stock - Stock cache updated for 0 products
2026-01-07 05:28:09,558 - INFO - __main__ - poll_stock - Starting stock polling cycle
2026-01-07 05:28:10,183 - INFO - __main__ - poll_stock - Stock cache updated for 0 products
2026-01-07 05:31:07,226 - INFO - __main__ - poll_stock - Starting stock polling cycle
2026-01-07 05:31:07,899 - INFO - __main__ - poll_stock - Stock cache updated for 0 products
2026-01-07 05:33:10,189 - INFO - __main__ - poll_stock - Starting stock polling cycle
2026-01-07 05:33:10,861 - INFO - __main__ - poll_stock - Stock cache updated for 0 products
2026-01-07 05:36:07,900 - INFO - __main__ - poll_stock - Starting stock polling cycle
2026-01-07 05:36:08,637 - INFO - __main__ - poll_stock - Stock cache updated for 0 products
2026-01-07 05:38:10,878 - INFO - __main__ - poll_stock - Starting stock polling cycle
2026-01-07 05:38:11,654 - INFO - __main__ - poll_stock - Stock cache updated for 0 products
2026-01-07 05:41:08,667 - INFO - __main__ - poll_stock - Starting stock polling cycle
2026-01-07 05:41:09,381 - INFO - __main__ - poll_stock - Stock cache updated for 0 products
2026-01-07 05:43:11,656 - INFO - __main__ - poll_stock - Starting stock polling cycle
2026-01-07 05:43:12,229 - INFO - __main__ - poll_stock - Stock cache updated for 0 products
2026-01-07 05:46:09,390 - INFO - __main__ - poll_stock - Starting stock polling cycle
2026-01-07 05:46:10,397 - INFO - __main__ - poll_stock - Stock cache updated for 0 products
2026-01-07 05:48:12,234 - INFO - __main__ - poll_stock - Starting stock polling cycle
2026-01-07 05:48:13,052 - INFO - __main__ - poll_stock - Stock cache updated for 0 products
2026-01-07 05:50:50,259 - INFO - werkzeug - _log -  * Detected change in '/home/aundrae/Desktop/NoLimitsClothing/ai_services.py', reloading
2026-01-07 05:50:50,268 - INFO - werkzeug - _log -  * Detected change in '/home/aundrae/Desktop/NoLimitsClothing/ai_services.py', reloading
2026-01-07 05:50:50,271 - INFO - werkzeug - _log -  * Detected change in '/home/aundrae/Desktop/NoLimitsClothing/ai_services.py', reloading
2026-01-07 05:50:55,374 - INFO - werkzeug - _log -  * Restarting with watchdog (inotify)
2026-01-07 05:51:10,499 - INFO - __main__ - poll_stock - Starting stock polling cycle
2026-01-07 05:51:10,550 - WARNING - werkzeug - _log -  * Debugger is active!
2026-01-07 05:51:10,570 - INFO - werkzeug - _log -  * Debugger PIN: 100-423-919
2026-01-07 05:51:11,643 - INFO - __main__ - poll_stock - Stock cache updated for 0 products
2026-01-07 05:53:13,053 - INFO - __main__ - poll_stock - Starting stock polling cycle
2026-01-07 05:53:13,698 - INFO - __main__ - poll_stock - Stock cache updated for 0 products
2026-01-07 05:53:39,470 - INFO - werkzeug - _log -  * Detected change in '/home/aundrae/Desktop/NoLimitsClothing/websocket_server.py', reloading
2026-01-07 05:53:39,478 - INFO - werkzeug - _log -  * Detected change in '/home/aundrae/Desktop/NoLimitsClothing/websocket_server.py', reloading
2026-01-07 05:53:39,479 - INFO - werkzeug - _log -  * Detected change in '/home/aundrae/Desktop/NoLimitsClothing/websocket_server.py', reloading
2026-01-07 05:53:42,713 - INFO - werkzeug - _log -  * Restarting with watchdog (inotify)
2026-01-07 05:53:58,678 - INFO - __main__ - poll_stock - Starting stock polling cycle
2026-01-07 05:53:58,709 - WARNING - werkzeug - _log -  * Debugger is active!
2026-01-07 05:53:58,721 - INFO - werkzeug - _log -  * Debugger PIN: 100-423-919
2026-01-07 05:53:59,403 - INFO - __main__ - poll_stock - Stock cache updated for 0 products
2026-01-07 05:58:13,699 - INFO - __main__ - poll_stock - Starting stock polling cycle
2026-01-07 05:58:14,317 - INFO - __main__ - poll_stock - Stock cache updated for 0 products
2026-01-07 05:58:59,416 - INFO - __main__ - poll_stock - Starting stock polling cycle
2026-01-07 05:59:00,095 - INFO - __main__ - poll_stock - Stock cache updated for 0 products
2026-01-07 06:01:44,674 - INFO - werkzeug - _log -  * Detected change in '/home/aundrae/Desktop/NoLimitsClothing/ai_assistant.py', reloading
2026-01-07 06:01:44,675 - INFO - werkzeug - _log -  * Detected change in '/home/aundrae/Desktop/NoLimitsClothing/ai_assistant.py', reloading
2026-01-07 06:01:44,678 - INFO - werkzeug - _log -  * Detected change in '/home/aundrae/Desktop/NoLimitsClothing/ai_assistant.py', reloading
2026-01-07 06:01:46,532 - INFO - werkzeug - _log -  * Restarting with watchdog (inotify)
2026-01-07 06:01:57,489 - INFO - __main__ - poll_stock - Starting stock polling cycle
2026-01-07 06:01:57,527 - WARNING - werkzeug - _log -  * Debugger is active!
2026-01-07 06:01:57,546 - INFO - werkzeug - _log -  * Debugger PIN: 100-423-919
2026-01-07 06:01:58,247 - INFO - __main__ - poll_stock - Stock cache updated for 0 products
2026-01-07 06:02:23,706 - INFO - werkzeug - _log -  * Detected change in '/home/aundrae/Desktop/NoLimitsClothing/websocket_server.py', reloading
2026-01-07 06:02:23,709 - INFO - werkzeug - _log -  * Detected change in '/home/aundrae/Desktop/NoLimitsClothing/websocket_server.py', reloading
2026-01-07 06:02:25,547 - INFO - werkzeug - _log -  * Restarting with watchdog (inotify)
2026-01-07 06:02:31,507 - INFO - __main__ - poll_stock - Starting stock polling cycle
2026-01-07 06:02:31,568 - WARNING - werkzeug - _log -  * Debugger is active!
2026-01-07 06:02:31,580 - INFO - werkzeug - _log -  * Debugger PIN: 100-423-919
2026-01-07 06:02:32,581 - INFO - __main__ - poll_stock - Stock cache updated for 0 products
2026-01-07 06:02:52,756 - INFO - werkzeug - _log -  * Detected change in '/home/aundrae/Desktop/NoLimitsClothing/ai_assistant.py', reloading
2026-01-07 06:02:52,762 - INFO - werkzeug - _log -  * Detected change in '/home/aundrae/Desktop/NoLimitsClothing/ai_assistant.py', reloading
2026-01-07 06:02:52,764 - INFO - werkzeug - _log -  * Detected change in '/home/aundrae/Desktop/NoLimitsClothing/ai_assistant.py', reloading
2026-01-07 06:02:55,040 - INFO - werkzeug - _log -  * Restarting with watchdog (inotify)
2026-01-07 06:03:00,053 - INFO - __main__ - poll_stock - Starting stock polling cycle
2026-01-07 06:03:00,089 - WARNING - werkzeug - _log -  * Debugger is active!
2026-01-07 06:03:00,099 - INFO - werkzeug - _log -  * Debugger PIN: 100-423-919
2026-01-07 06:03:01,648 - INFO - __main__ - poll_stock - Stock cache updated for 0 products
2026-01-07 06:03:14,324 - INFO - __main__ - poll_stock - Starting stock polling cycle
2026-01-07 06:03:14,915 - INFO - __main__ - poll_stock - Stock cache updated for 0 products
2026-01-07 06:03:15,930 - INFO - werkzeug - _log -  * Detected change in '/home/aundrae/Desktop/NoLimitsClothing/ai_assistant.py', reloading
2026-01-07 06:03:16,821 - INFO - werkzeug - _log -  * Restarting with watchdog (inotify)
2026-01-07 06:03:24,302 - INFO - __main__ - poll_stock - Starting stock polling cycle
2026-01-07 06:03:24,396 - WARNING - werkzeug - _log -  * Debugger is active!
2026-01-07 06:03:24,412 - INFO - werkzeug - _log -  * Debugger PIN: 100-423-919
2026-01-07 06:03:25,384 - INFO - __main__ - poll_stock - Stock cache updated for 0 products
2026-01-07 06:04:49,422 - INFO - werkzeug - _log -  * Detected change in '/home/aundrae/Desktop/NoLimitsClothing/ai_assistant.py', reloading
2026-01-07 06:04:49,434 - INFO - werkzeug - _log -  * Detected change in '/home/aundrae/Desktop/NoLimitsClothing/ai_assistant.py', reloading
2026-01-07 06:04:49,505 - INFO - werkzeug - _log -  * Detected change in '/home/aundrae/Desktop/NoLimitsClothing/ai_assistant.py', reloading
2026-01-07 06:04:51,060 - INFO - werkzeug - _log -  * Restarting with watchdog (inotify)
2026-01-07 06:04:59,600 - INFO - __main__ - poll_stock - Starting stock polling cycle
2026-01-07 06:04:59,699 - WARNING - werkzeug - _log -  * Debugger is active!
2026-01-07 06:04:59,709 - INFO - werkzeug - _log -  * Debugger PIN: 100-423-919
2026-01-07 06:05:00,633 - INFO - __main__ - poll_stock - Stock cache updated for 0 products
2026-01-07 06:05:08,387 - INFO - werkzeug - _log -  * Detected change in '/home/aundrae/Desktop/NoLimitsClothing/ai_assistant.py', reloading
2026-01-07 06:05:08,484 - INFO - werkzeug - _log -  * Detected change in '/home/aundrae/Desktop/NoLimitsClothing/ai_assistant.py', reloading
2026-01-07 06:05:08,491 - INFO - werkzeug - _log -  * Detected change in '/home/aundrae/Desktop/NoLimitsClothing/ai_assistant.py', reloading
2026-01-07 06:05:09,634 - INFO - werkzeug - _log -  * Restarting with watchdog (inotify)
2026-01-07 06:05:15,183 - INFO - __main__ - poll_stock - Starting stock polling cycle
2026-01-07 06:05:15,212 - WARNING - werkzeug - _log -  * Debugger is active!
2026-01-07 06:05:15,221 - INFO - werkzeug - _log -  * Debugger PIN: 100-423-919
2026-01-07 06:05:15,887 - INFO - __main__ - poll_stock - Stock cache updated for 0 products
2026-01-07 06:08:14,921 - INFO - __main__ - poll_stock - Starting stock polling cycle
2026-01-07 06:08:15,536 - INFO - __main__ - poll_stock - Stock cache updated for 0 products
2026-01-07 06:10:15,941 - INFO - __main__ - poll_stock - Starting stock polling cycle
2026-01-07 06:10:16,627 - INFO - __main__ - poll_stock - Stock cache updated for 0 products
2026-01-07 06:13:15,539 - INFO - __main__ - poll_stock - Starting stock polling cycle
2026-01-07 06:13:16,293 - INFO - __main__ - poll_stock - Stock cache updated for 0 products
2026-01-07 06:15:16,628 - INFO - __main__ - poll_stock - Starting stock polling cycle
2026-01-07 06:15:17,251 - INFO - __main__ - poll_stock - Stock cache updated for 0 products
2026-01-07 06:18:16,294 - INFO - __main__ - poll_stock - Starting stock polling cycle
2026-01-07 06:18:16,925 - INFO - __main__ - poll_stock - Stock cache updated for 0 products
2026-01-07 06:20:17,256 - INFO - __main__ - poll_stock - Starting stock polling cycle
2026-01-07 06:20:17,935 - INFO - __main__ - poll_stock - Stock cache updated for 0 products
2026-01-07 06:20:25,884 - INFO - werkzeug - _log -  * Detected change in '/home/aundrae/.local/lib/python3.13/site-packages/cv2/__init__.py', reloading
2026-01-07 06:20:25,888 - INFO - werkzeug - _log -  * Detected change in '/home/aundrae/.local/lib/python3.13/site-packages/cv2/config-3.py', reloading
2026-01-07 06:20:25,899 - INFO - werkzeug - _log -  * Detected change in '/home/aundrae/.local/lib/python3.13/site-packages/cv2/config.py', reloading
2026-01-07 06:20:27,817 - INFO - werkzeug - _log -  * Restarting with watchdog (inotify)
2026-01-07 06:20:41,993 - INFO - __main__ - poll_stock - Starting stock polling cycle
2026-01-07 06:20:42,080 - WARNING - werkzeug - _log -  * Debugger is active!
2026-01-07 06:20:42,104 - INFO - werkzeug - _log -  * Debugger PIN: 100-423-919
2026-01-07 06:20:42,964 - INFO - __main__ - poll_stock - Stock cache updated for 0 products
2026-01-07 06:23:16,937 - INFO - __main__ - poll_stock - Starting stock polling cycle
2026-01-07 06:23:17,700 - INFO - __main__ - poll_stock - Stock cache updated for 0 products
2026-01-07 06:25:42,965 - INFO - __main__ - poll_stock - Starting stock polling cycle
2026-01-07 06:25:43,585 - INFO - __main__ - poll_stock - Stock cache updated for 0 products
2026-01-07 06:26:01,119 - INFO - werkzeug - _log -  * Detected change in '/home/aundrae/Desktop/NoLimitsClothing/test_websocket.py', reloading
2026-01-07 06:26:01,168 - INFO - werkzeug - _log -  * Detected change in '/home/aundrae/Desktop/NoLimitsClothing/test_websocket.py', reloading
2026-01-07 06:26:01,171 - INFO - werkzeug - _log -  * Detected change in '/home/aundrae/Desktop/NoLimitsClothing/test_websocket.py', reloading
2026-01-07 06:26:05,870 - INFO - werkzeug - _log -  * Restarting with watchdog (inotify)
2026-01-07 06:26:41,253 - INFO - __main__ - poll_stock - Starting stock polling cycle
2026-01-07 06:26:41,306 - WARNING - werkzeug - _log -  * Debugger is active!
2026-01-07 06:26:41,331 - INFO - werkzeug - _log -  * Debugger PIN: 100-423-919
2026-01-07 06:26:42,709 - INFO - __main__ - poll_stock - Stock cache updated for 0 products
2026-01-07 06:27:19,510 - INFO - werkzeug - _log -  * Detected change in '/home/aundrae/Desktop/NoLimitsClothing/test_websocket.py', reloading
2026-01-07 06:27:19,544 - INFO - werkzeug - _log -  * Detected change in '/home/aundrae/Desktop/NoLimitsClothing/test_websocket.py', reloading
2026-01-07 06:27:19,569 - INFO - werkzeug - _log -  * Detected change in '/home/aundrae/Desktop/NoLimitsClothing/test_websocket.py', reloading
2026-01-07 06:27:25,946 - INFO - werkzeug - _log -  * Restarting with watchdog (inotify)
2026-01-07 06:27:46,417 - INFO - __main__ - poll_stock - Starting stock polling cycle
2026-01-07 06:27:46,511 - WARNING - werkzeug - _log -  * Debugger is active!
2026-01-07 06:27:46,525 - INFO - werkzeug - _log -  * Debugger PIN: 100-423-919
2026-01-07 06:27:47,691 - INFO - __main__ - poll_stock - Stock cache updated for 0 products
2026-01-07 06:28:17,717 - INFO - __main__ - poll_stock - Starting stock polling cycle
2026-01-07 06:28:18,596 - INFO - __main__ - poll_stock - Stock cache updated for 0 products
2026-01-07 06:28:54,783 - INFO - werkzeug - _log -  * Detected change in '/home/aundrae/Desktop/NoLimitsClothing/test_websocket.py', reloading
2026-01-07 06:28:58,188 - INFO - werkzeug - _log -  * Restarting with watchdog (inotify)
2026-01-07 06:29:06,630 - INFO - __main__ - poll_stock - Starting stock polling cycle
2026-01-07 06:29:06,662 - WARNING - werkzeug - _log -  * Debugger is active!
2026-01-07 06:29:06,675 - INFO - werkzeug - _log -  * Debugger PIN: 100-423-919
2026-01-07 06:29:07,534 - INFO - __main__ - poll_stock - Stock cache updated for 0 products
2026-01-07 06:33:18,599 - INFO - __main__ - poll_stock - Starting stock polling cycle
2026-01-07 06:33:19,422 - INFO - __main__ - poll_stock - Stock cache updated for 0 products
2026-01-07 06:34:07,535 - INFO - __main__ - poll_stock - Starting stock polling cycle
2026-01-07 06:34:08,129 - INFO - __main__ - poll_stock - Stock cache updated for 0 products
2026-01-07 06:34:27,033 - INFO - werkzeug - _log -  * Detected change in '/home/aundrae/Desktop/NoLimitsClothing/test_websocket.py', reloading
2026-01-07 06:34:27,056 - INFO - werkzeug - _log -  * Detected change in '/home/aundrae/Desktop/NoLimitsClothing/test_websocket.py', reloading
2026-01-07 06:34:27,060 - INFO - werkzeug - _log -  * Detected change in '/home/aundrae/Desktop/NoLimitsClothing/test_websocket.py', reloading
2026-01-07 06:34:32,067 - INFO - werkzeug - _log -  * Restarting with watchdog (inotify)
2026-01-07 06:35:11,090 - INFO - __main__ - poll_stock - Starting stock polling cycle
2026-01-07 06:35:11,184 - WARNING - werkzeug - _log -  * Debugger is active!
2026-01-07 06:35:11,196 - INFO - werkzeug - _log -  * Debugger PIN: 100-423-919
2026-01-07 06:35:12,314 - INFO - __main__ - poll_stock - Stock cache updated for 0 products
2026-01-07 06:37:11,529 - INFO - werkzeug - _log -  * Detected change in '/home/aundrae/Desktop/NoLimitsClothing/test_websocket.py', reloading
2026-01-07 06:37:17,622 - INFO - werkzeug - _log -  * Restarting with watchdog (inotify)
2026-01-07 06:37:49,402 - INFO - __main__ - poll_stock - Starting stock polling cycle
2026-01-07 06:37:49,484 - WARNING - werkzeug - _log -  * Debugger is active!
2026-01-07 06:37:49,541 - INFO - werkzeug - _log -  * Debugger PIN: 100-423-919
2026-01-07 06:37:50,446 - INFO - __main__ - poll_stock - Stock cache updated for 0 products
2026-01-07 06:38:19,423 - INFO - __main__ - poll_stock - Starting stock polling cycle
2026-01-07 06:38:20,022 - INFO - __main__ - poll_stock - Stock cache updated for 0 products
2026-01-07 06:42:50,456 - INFO - __main__ - poll_stock - Starting stock polling cycle
2026-01-07 06:42:51,207 - INFO - __main__ - poll_stock - Stock cache updated for 0 products
2026-01-07 06:43:20,023 - INFO - __main__ - poll_stock - Starting stock polling cycle
2026-01-07 06:43:20,697 - INFO - __main__ - poll_stock - Stock cache updated for 0 products
2026-01-07 06:47:51,208 - INFO - __main__ - poll_stock - Starting stock polling cycle
2026-01-07 06:47:51,867 - INFO - __main__ - poll_stock - Stock cache updated for 0 products
2026-01-07 06:48:20,698 - INFO - __main__ - poll_stock - Starting stock polling cycle
2026-01-07 06:48:21,626 - INFO - __main__ - poll_stock - Stock cache updated for 0 products
2026-01-07 06:52:51,867 - INFO - __main__ - poll_stock - Starting stock polling cycle
2026-01-07 06:52:52,518 - INFO - __main__ - poll_stock - Stock cache updated for 0 products
2026-01-07 06:53:21,627 - INFO - __main__ - poll_stock - Starting stock polling cycle
2026-01-07 06:53:22,259 - INFO - __main__ - poll_stock - Stock cache updated for 0 products
2026-01-07 06:57:52,524 - INFO - __main__ - poll_stock - Starting stock polling cycle
2026-01-07 06:57:53,302 - INFO - __main__ - poll_stock - Stock cache updated for 0 products
2026-01-07 06:58:22,262 - INFO - __main__ - poll_stock - Starting stock polling cycle
2026-01-07 06:58:22,971 - INFO - __main__ - poll_stock - Stock cache updated for 0 products
2026-01-07 06:59:47,606 - INFO - werkzeug - _log -  * Detected change in '/home/aundrae/Desktop/NoLimitsClothing/auth_service.py', reloading
2026-01-07 06:59:47,619 - INFO - werkzeug - _log -  * Detected change in '/home/aundrae/Desktop/NoLimitsClothing/auth_service.py', reloading
2026-01-07 06:59:47,621 - INFO - werkzeug - _log -  * Detected change in '/home/aundrae/Desktop/NoLimitsClothing/auth_service.py', reloading
2026-01-07 06:59:49,075 - INFO - werkzeug - _log -  * Restarting with watchdog (inotify)
2026-01-07 06:59:54,704 - INFO - __main__ - poll_stock - Starting stock polling cycle
2026-01-07 06:59:54,732 - WARNING - werkzeug - _log -  * Debugger is active!
2026-01-07 06:59:54,742 - INFO - werkzeug - _log -  * Debugger PIN: 100-423-919
2026-01-07 06:59:55,406 - INFO - __main__ - poll_stock - Stock cache updated for 0 products
2026-01-07 07:00:01,859 - INFO - werkzeug - _log -  * Detected change in '/home/aundrae/Desktop/NoLimitsClothing/shop_app.py', reloading
2026-01-07 07:00:01,867 - INFO - werkzeug - _log -  * Detected change in '/home/aundrae/Desktop/NoLimitsClothing/shop_app.py', reloading
2026-01-07 07:00:01,871 - INFO - werkzeug - _log -  * Detected change in '/home/aundrae/Desktop/NoLimitsClothing/shop_app.py', reloading
2026-01-07 07:00:03,082 - INFO - werkzeug - _log -  * Restarting with watchdog (inotify)
2026-01-07 07:00:08,299 - INFO - __main__ - poll_stock - Starting stock polling cycle
2026-01-07 07:00:08,317 - WARNING - werkzeug - _log -  * Debugger is active!
2026-01-07 07:00:08,321 - INFO - werkzeug - _log -  * Debugger PIN: 100-423-919
2026-01-07 07:00:09,261 - INFO - __main__ - poll_stock - Stock cache updated for 0 products
2026-01-07 07:00:31,704 - INFO - werkzeug - _log -  * Detected change in '/home/aundrae/Desktop/NoLimitsClothing/auth_service.py', reloading
2026-01-07 07:00:31,706 - INFO - werkzeug - _log -  * Detected change in '/home/aundrae/Desktop/NoLimitsClothing/auth_service.py', reloading
2026-01-07 07:00:31,709 - INFO - werkzeug - _log -  * Detected change in '/home/aundrae/Desktop/NoLimitsClothing/auth_service.py', reloading
2026-01-07 07:00:33,233 - INFO - werkzeug - _log -  * Restarting with watchdog (inotify)
2026-01-07 07:00:36,990 - INFO - __main__ - poll_stock - Starting stock polling cycle
2026-01-07 07:00:37,009 - WARNING - werkzeug - _log -  * Debugger is active!
2026-01-07 07:00:37,014 - INFO - werkzeug - _log -  * Debugger PIN: 100-423-919
2026-01-07 07:00:37,966 - INFO - __main__ - poll_stock - Stock cache updated for 0 products
2026-01-07 07:03:22,978 - INFO - __main__ - poll_stock - Starting stock polling cycle
2026-01-07 07:03:23,683 - INFO - __main__ - poll_stock - Stock cache updated for 0 products
2026-01-07 07:05:37,968 - INFO - __main__ - poll_stock - Starting stock polling cycle
2026-01-07 07:05:38,822 - INFO - __main__ - poll_stock - Stock cache updated for 0 products
2026-01-07 07:08:23,684 - INFO - __main__ - poll_stock - Starting stock polling cycle
2026-01-07 07:08:24,481 - INFO - __main__ - poll_stock - Stock cache updated for 0 products
2026-01-07 07:10:38,822 - INFO - __main__ - poll_stock - Starting stock polling cycle
2026-01-07 07:10:39,553 - INFO - __main__ - poll_stock - Stock cache updated for 0 products
2026-01-07 07:13:24,482 - INFO - __main__ - poll_stock - Starting stock polling cycle
2026-01-07 07:13:25,346 - INFO - __main__ - poll_stock - Stock cache updated for 0 products
2026-01-07 07:15:39,555 - INFO - __main__ - poll_stock - Starting stock polling cycle
2026-01-07 07:15:40,212 - INFO - __main__ - poll_stock - Stock cache updated for 0 products
2026-01-07 07:18:25,382 - INFO - __main__ - poll_stock - Starting stock polling cycle
2026-01-07 07:18:26,065 - INFO - __main__ - poll_stock - Stock cache updated for 0 products
2026-01-07 07:19:10,044 - INFO - auth_service - _audit_log - AUDIT: LOGIN_MFA_REQUIRED - owner - unknown
2026-01-07 07:19:10,045 - INFO - werkzeug - _log - 127.0.0.1 - - [07/Jan/2026 07:19:10] "[31m[1mPOST /api/auth/login HTTP/1.1[0m" 401 -
2026-01-07 07:20:40,213 - INFO - __main__ - poll_stock - Starting stock polling cycle
2026-01-07 07:20:40,983 - INFO - __main__ - poll_stock - Stock cache updated for 0 products
2026-01-07 07:20:51,876 - INFO - werkzeug - _log -  * Detected change in '/home/aundrae/Desktop/NoLimitsClothing/sedFdJ93Y', reloading
2026-01-07 07:20:54,621 - INFO - werkzeug - _log -  * Restarting with watchdog (inotify)
2026-01-07 07:21:03,500 - INFO - __main__ - poll_stock - Starting stock polling cycle
2026-01-07 07:21:03,564 - WARNING - werkzeug - _log -  * Debugger is active!
2026-01-07 07:21:03,576 - INFO - werkzeug - _log -  * Debugger PIN: 100-423-919
2026-01-07 07:21:05,354 - INFO - __main__ - poll_stock - Stock cache updated for 0 products
2026-01-07 07:21:47,919 - INFO - auth_service - _audit_log - AUDIT: LOGIN_SUCCESS - owner - unknown
2026-01-07 07:21:47,927 - INFO - werkzeug - _log - 127.0.0.1 - - [07/Jan/2026 07:21:47] "POST /api/auth/login HTTP/1.1" 200 -
2026-01-07 07:22:54,836 - INFO - werkzeug - _log - 127.0.0.1 - - [07/Jan/2026 07:22:54] "[31m[1mPOST /api/auth/create-customer HTTP/1.1[0m" 401 -
2026-01-07 07:23:26,066 - INFO - __main__ - poll_stock - Starting stock polling cycle
2026-01-07 07:23:26,871 - INFO - __main__ - poll_stock - Stock cache updated for 0 products
2026-01-07 07:23:30,845 - INFO - auth_service - _audit_log - AUDIT: LOGIN_SUCCESS - owner - unknown
2026-01-07 07:23:30,846 - INFO - werkzeug - _log - 127.0.0.1 - - [07/Jan/2026 07:23:30] "POST /api/auth/login HTTP/1.1" 200 -
2026-01-07 07:23:52,845 - INFO - auth_service - _audit_log - AUDIT: LOGIN_SUCCESS - owner - unknown
2026-01-07 07:23:52,847 - INFO - werkzeug - _log - 127.0.0.1 - - [07/Jan/2026 07:23:52] "POST /api/auth/login HTTP/1.1" 200 -
2026-01-07 07:24:09,207 - INFO - werkzeug - _log - 127.0.0.1 - - [07/Jan/2026 07:24:09] "[31m[1mPOST /api/auth/create-customer HTTP/1.1[0m" 401 -
2026-01-07 07:26:05,356 - INFO - __main__ - poll_stock - Starting stock polling cycle
2026-01-07 07:26:06,051 - INFO - __main__ - poll_stock - Stock cache updated for 0 products
2026-01-07 07:28:26,921 - INFO - __main__ - poll_stock - Starting stock polling cycle
2026-01-07 07:28:27,550 - INFO - __main__ - poll_stock - Stock cache updated for 0 products
2026-01-07 07:28:54,744 - INFO - werkzeug - _log - 127.0.0.1 - - [07/Jan/2026 07:28:54] "[31m[1mPOST /api/auth/create-customer HTTP/1.1[0m" 401 -
2026-01-07 07:30:29,301 - INFO - werkzeug - _log -  * Detected change in '/home/aundrae/Desktop/NoLimitsClothing/sed0it3ug', reloading
2026-01-07 07:30:34,246 - INFO - werkzeug - _log -  * Restarting with watchdog (inotify)
2026-01-07 07:30:48,475 - INFO - __main__ - poll_stock - Starting stock polling cycle
2026-01-07 07:30:48,552 - WARNING - werkzeug - _log -  * Debugger is active!
2026-01-07 07:30:48,573 - INFO - werkzeug - _log -  * Debugger PIN: 100-423-919
2026-01-07 07:30:49,605 - INFO - __main__ - poll_stock - Stock cache updated for 0 products
2026-01-07 07:30:59,889 - INFO - auth_service - _audit_log - AUDIT: CUSTOMER_CREATED - customer1 - unknown
2026-01-07 07:30:59,893 - INFO - werkzeug - _log - 127.0.0.1 - - [07/Jan/2026 07:30:59] "POST /api/auth/create-customer HTTP/1.1" 200 -
2026-01-07 07:31:24,787 - INFO - auth_service - _audit_log - AUDIT: LOGIN_SUCCESS - customer1 - unknown
2026-01-07 07:31:24,788 - INFO - werkzeug - _log - 127.0.0.1 - - [07/Jan/2026 07:31:24] "POST /api/auth/login HTTP/1.1" 200 -
2026-01-07 07:31:44,202 - INFO - auth_service - _audit_log - AUDIT: ACCESS_DENIED - customer1 - unknown
2026-01-07 07:31:44,210 - INFO - werkzeug - _log - 127.0.0.1 - - [07/Jan/2026 07:31:44] "[31m[1mPOST /api/ai/chat HTTP/1.1[0m" 403 -
2026-01-07 07:33:27,556 - INFO - __main__ - poll_stock - Starting stock polling cycle
2026-01-07 07:33:28,211 - INFO - __main__ - poll_stock - Stock cache updated for 0 products
2026-01-07 07:35:49,668 - INFO - __main__ - poll_stock - Starting stock polling cycle
2026-01-07 07:35:50,410 - INFO - __main__ - poll_stock - Stock cache updated for 0 products
2026-01-07 07:37:24,986 - INFO - werkzeug - _log -  * Detected change in '/home/aundrae/Desktop/NoLimitsClothing/sedNDfWuz', reloading
2026-01-07 07:37:34,835 - INFO - werkzeug - _log -  * Restarting with watchdog (inotify)
2026-01-25 08:50:52,333 - INFO - __main__ - poll_stock - Starting stock polling cycle
2026-01-25 08:50:52,392 - INFO - werkzeug - _log - [31m[1mWARNING: This is a development server. Do not use it in a production deployment. Use a production WSGI server instead.[0m
 * Running on http://127.0.0.1:5000
2026-01-25 08:50:52,392 - INFO - werkzeug - _log - [33mPress CTRL+C to quit[0m
2026-01-25 08:50:52,441 - INFO - werkzeug - _log -  * Restarting with watchdog (inotify)
2026-01-25 08:50:53,384 - INFO - __main__ - poll_stock - Stock cache updated for 0 products
2026-01-25 08:50:56,056 - INFO - __main__ - poll_stock - Starting stock polling cycle
2026-01-25 08:50:56,080 - WARNING - werkzeug - _log -  * Debugger is active!
2026-01-25 08:50:56,122 - INFO - werkzeug - _log -  * Debugger PIN: 901-155-628
2026-01-25 08:50:56,731 - INFO - __main__ - poll_stock - Stock cache updated for 0 products
2026-01-25 08:51:29,173 - INFO - werkzeug - _log - 127.0.0.1 - - [25/Jan/2026 08:51:29] "GET / HTTP/1.1" 200 -
2026-01-25 08:51:29,566 - INFO - werkzeug - _log - 127.0.0.1 - - [25/Jan/2026 08:51:29] "GET /css/main.css HTTP/1.1" 200 -
2026-01-25 08:51:29,693 - INFO - werkzeug - _log - 127.0.0.1 - - [25/Jan/2026 08:51:29] "GET /js/galaxy.js HTTP/1.1" 200 -
2026-01-25 08:51:29,697 - INFO - werkzeug - _log - 127.0.0.1 - - [25/Jan/2026 08:51:29] "GET /logo_main.png HTTP/1.1" 200 -
2026-01-25 08:51:30,763 - INFO - werkzeug - _log - 127.0.0.1 - - [25/Jan/2026 08:51:30] "[33mGET /favicon.ico HTTP/1.1[0m" 404 -
2026-01-25 08:55:53,386 - INFO - __main__ - poll_stock - Starting stock polling cycle
2026-01-25 08:55:54,134 - INFO - __main__ - poll_stock - Stock cache updated for 0 products
2026-01-25 08:55:56,733 - INFO - __main__ - poll_stock - Starting stock polling cycle
2026-01-25 08:55:57,309 - INFO - __main__ - poll_stock - Stock cache updated for 0 products
2026-01-25 08:59:56,599 - INFO - werkzeug - _log - 127.0.0.1 - - [25/Jan/2026 08:59:56] "GET /remembrance.html HTTP/1.1" 200 -
2026-01-25 08:59:57,058 - INFO - werkzeug - _log - 127.0.0.1 - - [25/Jan/2026 08:59:57] "GET /remembrance.css HTTP/1.1" 200 -
2026-01-25 08:59:57,332 - INFO - werkzeug - _log - 127.0.0.1 - - [25/Jan/2026 08:59:57] "[36mGET /css/main.css HTTP/1.1[0m" 304 -
2026-01-25 08:59:57,333 - INFO - werkzeug - _log - 127.0.0.1 - - [25/Jan/2026 08:59:57] "GET /remembrance.js HTTP/1.1" 200 -
2026-01-25 08:59:57,479 - INFO - werkzeug - _log - 127.0.0.1 - - [25/Jan/2026 08:59:57] "[36mGET /js/galaxy.js HTTP/1.1[0m" 304 -
2026-01-25 08:59:57,775 - INFO - werkzeug - _log - 127.0.0.1 - - [25/Jan/2026 08:59:57] "GET /music/remembrance_01.mp3 HTTP/1.1" 200 -
2026-01-25 09:00:16,973 - INFO - werkzeug - _log - 127.0.0.1 - - [25/Jan/2026 09:00:16] "[36mGET /remembrance.html HTTP/1.1[0m" 304 -
2026-01-25 09:00:17,544 - INFO - werkzeug - _log - 127.0.0.1 - - [25/Jan/2026 09:00:17] "[36mGET /remembrance.css HTTP/1.1[0m" 304 -
2026-01-25 09:00:17,588 - INFO - werkzeug - _log - 127.0.0.1 - - [25/Jan/2026 09:00:17] "[36mGET /js/galaxy.js HTTP/1.1[0m" 304 -
2026-01-25 09:00:17,609 - INFO - werkzeug - _log - 127.0.0.1 - - [25/Jan/2026 09:00:17] "[36mGET /css/main.css HTTP/1.1[0m" 304 -
2026-01-25 09:00:17,678 - INFO - werkzeug - _log - 127.0.0.1 - - [25/Jan/2026 09:00:17] "[36mGET /remembrance.js HTTP/1.1[0m" 304 -
2026-01-25 09:00:17,978 - INFO - werkzeug - _log - 127.0.0.1 - - [25/Jan/2026 09:00:17] "[36mGET /music/remembrance_01.mp3 HTTP/1.1[0m" 304 -
2026-01-25 09:00:26,537 - INFO - werkzeug - _log - 127.0.0.1 - - [25/Jan/2026 09:00:26] "[33mGET /images/brother1.jpg HTTP/1.1[0m" 404 -
2026-01-25 09:00:38,251 - INFO - werkzeug - _log - 127.0.0.1 - - [25/Jan/2026 09:00:38] "[33mGET /images/brother2.jpg HTTP/1.1[0m" 404 -
2026-01-25 09:00:50,483 - INFO - werkzeug - _log - 127.0.0.1 - - [25/Jan/2026 09:00:50] "[33mGET /images/brother3.jpg HTTP/1.1[0m" 404 -
2026-01-25 09:00:53,882 - INFO - werkzeug - _log - 127.0.0.1 - - [25/Jan/2026 09:00:53] "[36mGET /remembrance.html HTTP/1.1[0m" 304 -
2026-01-25 09:00:54,136 - INFO - __main__ - poll_stock - Starting stock polling cycle
2026-01-25 09:00:54,682 - INFO - werkzeug - _log - 127.0.0.1 - - [25/Jan/2026 09:00:54] "[36mGET /remembrance.css HTTP/1.1[0m" 304 -
2026-01-25 09:00:54,682 - INFO - werkzeug - _log - 127.0.0.1 - - [25/Jan/2026 09:00:54] "[36mGET /css/main.css HTTP/1.1[0m" 304 -
2026-01-25 09:00:54,722 - INFO - __main__ - poll_stock - Stock cache updated for 0 products
2026-01-25 09:00:54,744 - INFO - werkzeug - _log - 127.0.0.1 - - [25/Jan/2026 09:00:54] "[36mGET /js/galaxy.js HTTP/1.1[0m" 304 -
2026-01-25 09:00:54,746 - INFO - werkzeug - _log - 127.0.0.1 - - [25/Jan/2026 09:00:54] "[36mGET /remembrance.js HTTP/1.1[0m" 304 -
2026-01-25 09:00:55,454 - INFO - werkzeug - _log - 127.0.0.1 - - [25/Jan/2026 09:00:55] "[36mGET /music/remembrance_01.mp3 HTTP/1.1[0m" 304 -
2026-01-25 09:00:57,337 - INFO - __main__ - poll_stock - Starting stock polling cycle
2026-01-25 09:00:58,169 - INFO - __main__ - poll_stock - Stock cache updated for 0 products
2026-01-25 09:01:03,683 - INFO - werkzeug - _log - 127.0.0.1 - - [25/Jan/2026 09:01:03] "GET /my-story/index.html HTTP/1.1" 200 -
2026-01-25 09:01:04,335 - INFO - werkzeug - _log - 127.0.0.1 - - [25/Jan/2026 09:01:04] "[36mGET /js/galaxy.js HTTP/1.1[0m" 304 -
2026-01-25 09:01:04,339 - INFO - werkzeug - _log - 127.0.0.1 - - [25/Jan/2026 09:01:04] "[36mGET /css/main.css HTTP/1.1[0m" 304 -
2026-01-25 09:01:04,342 - INFO - werkzeug - _log - 127.0.0.1 - - [25/Jan/2026 09:01:04] "[36mGET /music/remembrance_01.mp3 HTTP/1.1[0m" 304 -
2026-01-25 09:01:12,832 - INFO - werkzeug - _log - 127.0.0.1 - - [25/Jan/2026 09:01:12] "[36mGET /my-story/index.html HTTP/1.1[0m" 304 -
2026-01-25 09:01:13,291 - INFO - werkzeug - _log - 127.0.0.1 - - [25/Jan/2026 09:01:13] "[36mGET /music/remembrance_01.mp3 HTTP/1.1[0m" 304 -
2026-01-25 09:01:13,301 - INFO - werkzeug - _log - 127.0.0.1 - - [25/Jan/2026 09:01:13] "[36mGET /css/main.css HTTP/1.1[0m" 304 -
2026-01-25 09:01:13,328 - INFO - werkzeug - _log - 127.0.0.1 - - [25/Jan/2026 09:01:13] "[36mGET /js/galaxy.js HTTP/1.1[0m" 304 -
2026-01-25 09:05:54,727 - INFO - __main__ - poll_stock - Starting stock polling cycle
2026-01-25 09:05:55,628 - INFO - __main__ - poll_stock - Stock cache updated for 0 products
2026-01-25 09:05:58,179 - INFO - __main__ - poll_stock - Starting stock polling cycle
2026-01-25 09:05:59,104 - INFO - __main__ - poll_stock - Stock cache updated for 0 products
2026-01-25 09:10:55,637 - INFO - __main__ - poll_stock - Starting stock polling cycle
2026-01-25 09:10:56,521 - INFO - __main__ - poll_stock - Stock cache updated for 0 products
2026-01-25 09:10:59,105 - INFO - __main__ - poll_stock - Starting stock polling cycle
2026-01-25 09:10:59,997 - INFO - __main__ - poll_stock - Stock cache updated for 0 products
2026-01-25 09:15:56,535 - INFO - __main__ - poll_stock - Starting stock polling cycle
2026-01-25 09:15:57,076 - INFO - __main__ - poll_stock - Stock cache updated for 0 products
2026-01-25 09:16:00,000 - INFO - __main__ - poll_stock - Starting stock polling cycle
2026-01-25 09:16:00,558 - INFO - __main__ - poll_stock - Stock cache updated for 0 products
2026-01-25 09:20:57,081 - INFO - __main__ - poll_stock - Starting stock polling cycle
2026-01-25 09:20:57,661 - INFO - __main__ - poll_stock - Stock cache updated for 0 products
2026-01-25 09:21:00,561 - INFO - __main__ - poll_stock - Starting stock polling cycle
2026-01-25 09:21:01,498 - INFO - __main__ - poll_stock - Stock cache updated for 0 products
2026-01-25 09:25:57,663 - INFO - __main__ - poll_stock - Starting stock polling cycle
2026-01-25 09:25:58,433 - INFO - __main__ - poll_stock - Stock cache updated for 0 products
2026-01-25 09:26:01,500 - INFO - __main__ - poll_stock - Starting stock polling cycle
2026-01-25 09:26:02,454 - INFO - __main__ - poll_stock - Stock cache updated for 0 products
2026-01-25 09:30:58,433 - INFO - __main__ - poll_stock - Starting stock polling cycle
2026-01-25 09:30:59,110 - INFO - __main__ - poll_stock - Stock cache updated for 0 products
2026-01-25 09:31:02,455 - INFO - __main__ - poll_stock - Starting stock polling cycle
2026-01-25 09:31:03,003 - INFO - __main__ - poll_stock - Stock cache updated for 0 products
2026-01-25 09:35:59,110 - INFO - __main__ - poll_stock - Starting stock polling cycle
2026-01-25 09:35:59,859 - INFO - __main__ - poll_stock - Stock cache updated for 0 products
2026-01-25 09:36:03,030 - INFO - __main__ - poll_stock - Starting stock polling cycle
2026-01-25 09:36:03,857 - INFO - __main__ - poll_stock - Stock cache updated for 0 products
2026-01-25 09:37:07,497 - INFO - werkzeug - _log - 127.0.0.1 - - [25/Jan/2026 09:37:07] "[36mGET /my-story/index.html HTTP/1.1[0m" 304 -
2026-01-25 09:37:07,939 - INFO - werkzeug - _log - 127.0.0.1 - - [25/Jan/2026 09:37:07] "[36mGET /js/galaxy.js HTTP/1.1[0m" 304 -
2026-01-25 09:37:08,038 - INFO - werkzeug - _log - 127.0.0.1 - - [25/Jan/2026 09:37:08] "[36mGET /css/main.css HTTP/1.1[0m" 304 -
2026-01-25 09:37:08,088 - INFO - werkzeug - _log - 127.0.0.1 - - [25/Jan/2026 09:37:08] "[36mGET /music/remembrance_01.mp3 HTTP/1.1[0m" 304 -
2026-01-25 09:37:42,929 - INFO - werkzeug - _log - 127.0.0.1 - - [25/Jan/2026 09:37:42] "GET /products/index.html HTTP/1.1" 200 -
2026-01-25 09:37:43,381 - INFO - werkzeug - _log - 127.0.0.1 - - [25/Jan/2026 09:37:43] "[36mGET /css/main.css HTTP/1.1[0m" 304 -
2026-01-25 09:37:43,816 - INFO - werkzeug - _log - 127.0.0.1 - - [25/Jan/2026 09:37:43] "[36mGET /js/galaxy.js HTTP/1.1[0m" 304 -
2026-01-25 09:37:43,818 - INFO - werkzeug - _log - 127.0.0.1 - - [25/Jan/2026 09:37:43] "GET /products/hoodies/hoodie_001/mockup.png HTTP/1.1" 200 -
2026-01-25 09:38:18,298 - INFO - werkzeug - _log - 127.0.0.1 - - [25/Jan/2026 09:38:18] "[33mGET /products/shirts/ HTTP/1.1[0m" 404 -
2026-01-25 09:40:59,860 - INFO - __main__ - poll_stock - Starting stock polling cycle
2026-01-25 09:41:00,602 - INFO - __main__ - poll_stock - Stock cache updated for 0 products
2026-01-25 09:41:03,861 - INFO - __main__ - poll_stock - Starting stock polling cycle
2026-01-25 09:41:04,579 - INFO - __main__ - poll_stock - Stock cache updated for 0 products
2026-01-25 09:46:00,604 - INFO - __main__ - poll_stock - Starting stock polling cycle
2026-01-25 09:46:01,309 - INFO - __main__ - poll_stock - Stock cache updated for 0 products
2026-01-25 09:46:04,582 - INFO - __main__ - poll_stock - Starting stock polling cycle
2026-01-25 09:46:05,356 - INFO - __main__ - poll_stock - Stock cache updated for 0 products
2026-01-25 09:51:01,309 - INFO - __main__ - poll_stock - Starting stock polling cycle
2026-01-25 09:51:01,843 - INFO - __main__ - poll_stock - Stock cache updated for 0 products
2026-01-25 09:51:05,357 - INFO - __main__ - poll_stock - Starting stock polling cycle
2026-01-25 09:51:06,204 - INFO - __main__ - poll_stock - Stock cache updated for 0 products
2026-01-25 09:56:01,844 - INFO - __main__ - poll_stock - Starting stock polling cycle
2026-01-25 09:56:02,631 - INFO - __main__ - poll_stock - Stock cache updated for 0 products
2026-01-25 09:56:06,206 - INFO - __main__ - poll_stock - Starting stock polling cycle
2026-01-25 09:56:06,747 - INFO - __main__ - poll_stock - Stock cache updated for 0 products
2026-01-25 10:01:02,632 - INFO - __main__ - poll_stock - Starting stock polling cycle
2026-01-25 10:01:03,483 - INFO - __main__ - poll_stock - Stock cache updated for 0 products
2026-01-25 10:01:06,748 - INFO - __main__ - poll_stock - Starting stock polling cycle
2026-01-25 10:01:07,416 - INFO - __main__ - poll_stock - Stock cache updated for 0 products
2026-01-25 10:06:03,489 - INFO - __main__ - poll_stock - Starting stock polling cycle
2026-01-25 10:06:04,056 - INFO - __main__ - poll_stock - Stock cache updated for 0 products
2026-01-25 10:06:07,421 - INFO - __main__ - poll_stock - Starting stock polling cycle
2026-01-25 10:06:08,256 - INFO - __main__ - poll_stock - Stock cache updated for 0 products
2026-01-25 10:11:04,057 - INFO - __main__ - poll_stock - Starting stock polling cycle
2026-01-25 10:11:04,759 - INFO - __main__ - poll_stock - Stock cache updated for 0 products
2026-01-25 10:11:08,271 - INFO - __main__ - poll_stock - Starting stock polling cycle
2026-01-25 10:11:08,791 - INFO - __main__ - poll_stock - Stock cache updated for 0 products
2026-01-25 10:16:04,768 - INFO - __main__ - poll_stock - Starting stock polling cycle
2026-01-25 10:16:05,334 - INFO - __main__ - poll_stock - Stock cache updated for 0 products
2026-01-25 10:16:08,795 - INFO - __main__ - poll_stock - Starting stock polling cycle
2026-01-25 10:16:09,307 - INFO - __main__ - poll_stock - Stock cache updated for 0 products
2026-01-25 10:21:05,335 - INFO - __main__ - poll_stock - Starting stock polling cycle
2026-01-25 10:21:05,922 - INFO - __main__ - poll_stock - Stock cache updated for 0 products
2026-01-25 10:21:09,308 - INFO - __main__ - poll_stock - Starting stock polling cycle
2026-01-25 10:21:09,987 - INFO - __main__ - poll_stock - Stock cache updated for 0 products
2026-01-25 10:26:05,925 - INFO - __main__ - poll_stock - Starting stock polling cycle
2026-01-25 10:26:06,614 - INFO - __main__ - poll_stock - Stock cache updated for 0 products
2026-01-25 10:26:10,001 - INFO - __main__ - poll_stock - Starting stock polling cycle
2026-01-25 10:26:10,728 - INFO - __main__ - poll_stock - Stock cache updated for 0 products
2026-01-25 10:31:06,616 - INFO - __main__ - poll_stock - Starting stock polling cycle
2026-01-25 10:31:07,333 - INFO - __main__ - poll_stock - Stock cache updated for 0 products
2026-01-25 10:31:10,729 - INFO - __main__ - poll_stock - Starting stock polling cycle
2026-01-25 10:31:11,395 - INFO - __main__ - poll_stock - Stock cache updated for 0 products
2026-01-25 10:36:07,334 - INFO - __main__ - poll_stock - Starting stock polling cycle
2026-01-25 10:36:08,292 - INFO - __main__ - poll_stock - Stock cache updated for 0 products
2026-01-25 10:36:11,396 - INFO - __main__ - poll_stock - Starting stock polling cycle
2026-01-25 10:36:12,009 - INFO - __main__ - poll_stock - Stock cache updated for 0 products
2026-01-25 10:41:08,293 - INFO - __main__ - poll_stock - Starting stock polling cycle
2026-01-25 10:41:09,247 - INFO - __main__ - poll_stock - Stock cache updated for 0 products
2026-01-25 10:41:12,013 - INFO - __main__ - poll_stock - Starting stock polling cycle
2026-01-25 10:41:12,829 - INFO - __main__ - poll_stock - Stock cache updated for 0 products
2026-01-25 10:46:09,261 - INFO - __main__ - poll_stock - Starting stock polling cycle
2026-01-25 10:46:10,008 - INFO - __main__ - poll_stock - Stock cache updated for 0 products
2026-01-25 10:46:12,831 - INFO - __main__ - poll_stock - Starting stock polling cycle
2026-01-25 10:46:13,796 - INFO - __main__ - poll_stock - Stock cache updated for 0 products
2026-01-25 10:51:10,025 - INFO - __main__ - poll_stock - Starting stock polling cycle
2026-01-25 10:51:10,828 - INFO - __main__ - poll_stock - Stock cache updated for 0 products
2026-01-25 10:51:13,877 - INFO - __main__ - poll_stock - Starting stock polling cycle
2026-01-25 10:51:14,505 - INFO - __main__ - poll_stock - Stock cache updated for 0 products
2026-01-25 10:56:10,829 - INFO - __main__ - poll_stock - Starting stock polling cycle
2026-01-25 10:56:11,746 - INFO - __main__ - poll_stock - Stock cache updated for 0 products
2026-01-25 10:56:14,506 - INFO - __main__ - poll_stock - Starting stock polling cycle
2026-01-25 10:56:15,459 - INFO - __main__ - poll_stock - Stock cache updated for 0 products
2026-01-25 11:01:11,747 - INFO - __main__ - poll_stock - Starting stock polling cycle
2026-01-25 11:01:12,508 - INFO - __main__ - poll_stock - Stock cache updated for 0 products
2026-01-25 11:01:15,460 - INFO - __main__ - poll_stock - Starting stock polling cycle
2026-01-25 11:01:16,084 - INFO - __main__ - poll_stock - Stock cache updated for 0 products
2026-01-25 11:06:12,508 - INFO - __main__ - poll_stock - Starting stock polling cycle
2026-01-25 11:06:13,019 - INFO - __main__ - poll_stock - Stock cache updated for 0 products
2026-01-25 11:06:16,085 - INFO - __main__ - poll_stock - Starting stock polling cycle
2026-01-25 11:06:16,604 - INFO - __main__ - poll_stock - Stock cache updated for 0 products
2026-01-25 11:11:13,019 - INFO - __main__ - poll_stock - Starting stock polling cycle
2026-01-25 11:11:13,854 - INFO - __main__ - poll_stock - Stock cache updated for 0 products
2026-01-25 11:11:16,604 - INFO - __main__ - poll_stock - Starting stock polling cycle
2026-01-25 11:11:17,135 - INFO - __main__ - poll_stock - Stock cache updated for 0 products
2026-01-25 11:16:13,855 - INFO - __main__ - poll_stock - Starting stock polling cycle
2026-01-25 11:16:14,853 - INFO - __main__ - poll_stock - Stock cache updated for 0 products
2026-01-25 11:16:17,136 - INFO - __main__ - poll_stock - Starting stock polling cycle
2026-01-25 11:16:17,874 - INFO - __main__ - poll_stock - Stock cache updated for 0 products
2026-01-25 11:21:14,853 - INFO - __main__ - poll_stock - Starting stock polling cycle
2026-01-25 11:21:15,773 - INFO - __main__ - poll_stock - Stock cache updated for 0 products
2026-01-25 11:21:17,874 - INFO - __main__ - poll_stock - Starting stock polling cycle
2026-01-25 11:21:18,497 - INFO - __main__ - poll_stock - Stock cache updated for 0 products
2026-01-25 11:26:15,773 - INFO - __main__ - poll_stock - Starting stock polling cycle
2026-01-25 11:26:16,388 - INFO - __main__ - poll_stock - Stock cache updated for 0 products
2026-01-25 11:26:18,497 - INFO - __main__ - poll_stock - Starting stock polling cycle
2026-01-25 11:26:19,156 - INFO - __main__ - poll_stock - Stock cache updated for 0 products
2026-01-25 11:31:16,388 - INFO - __main__ - poll_stock - Starting stock polling cycle
2026-01-25 11:31:17,173 - INFO - __main__ - poll_stock - Stock cache updated for 0 products
2026-01-25 11:31:19,157 - INFO - __main__ - poll_stock - Starting stock polling cycle
2026-01-25 11:31:19,794 - INFO - __main__ - poll_stock - Stock cache updated for 0 products
2026-01-25 11:36:17,174 - INFO - __main__ - poll_stock - Starting stock polling cycle
2026-01-25 11:36:17,758 - INFO - __main__ - poll_stock - Stock cache updated for 0 products
2026-01-25 11:36:19,795 - INFO - __main__ - poll_stock - Starting stock polling cycle
2026-01-25 11:36:20,477 - INFO - __main__ - poll_stock - Stock cache updated for 0 products
2026-01-25 11:41:17,759 - INFO - __main__ - poll_stock - Starting stock polling cycle
2026-01-25 11:41:18,915 - INFO - __main__ - poll_stock - Stock cache updated for 0 products
2026-01-25 11:41:20,477 - INFO - __main__ - poll_stock - Starting stock polling cycle
2026-01-25 11:41:21,167 - INFO - __main__ - poll_stock - Stock cache updated for 0 products
2026-01-25 11:46:18,916 - INFO - __main__ - poll_stock - Starting stock polling cycle
2026-01-25 11:46:19,673 - INFO - __main__ - poll_stock - Stock cache updated for 0 products
2026-01-25 11:46:21,167 - INFO - __main__ - poll_stock - Starting stock polling cycle
2026-01-25 11:46:21,728 - INFO - __main__ - poll_stock - Stock cache updated for 0 products
2026-01-25 11:51:19,674 - INFO - __main__ - poll_stock - Starting stock polling cycle
2026-01-25 11:51:20,425 - INFO - __main__ - poll_stock - Stock cache updated for 0 products
2026-01-25 11:51:21,729 - INFO - __main__ - poll_stock - Starting stock polling cycle
2026-01-25 11:51:22,461 - INFO - __main__ - poll_stock - Stock cache updated for 0 products
2026-01-25 11:56:20,426 - INFO - __main__ - poll_stock - Starting stock polling cycle
2026-01-25 11:56:21,188 - INFO - __main__ - poll_stock - Stock cache updated for 0 products
2026-01-25 11:56:22,461 - INFO - __main__ - poll_stock - Starting stock polling cycle
2026-01-25 11:56:23,210 - INFO - __main__ - poll_stock - Stock cache updated for 0 products
2026-01-25 12:01:21,188 - INFO - __main__ - poll_stock - Starting stock polling cycle
2026-01-25 12:01:21,912 - INFO - __main__ - poll_stock - Stock cache updated for 0 products
2026-01-25 12:01:23,211 - INFO - __main__ - poll_stock - Starting stock polling cycle
2026-01-25 12:01:24,081 - INFO - __main__ - poll_stock - Stock cache updated for 0 products
2026-01-25 12:06:21,912 - INFO - __main__ - poll_stock - Starting stock polling cycle
2026-01-25 12:06:22,493 - INFO - __main__ - poll_stock - Stock cache updated for 0 products
2026-01-25 12:06:24,081 - INFO - __main__ - poll_stock - Starting stock polling cycle
2026-01-25 12:06:24,666 - INFO - __main__ - poll_stock - Stock cache updated for 0 products
2026-01-25 12:11:22,494 - INFO - __main__ - poll_stock - Starting stock polling cycle
2026-01-25 12:11:23,118 - INFO - __main__ - poll_stock - Stock cache updated for 0 products
2026-01-25 12:11:24,667 - INFO - __main__ - poll_stock - Starting stock polling cycle
2026-01-25 12:11:25,180 - INFO - __main__ - poll_stock - Stock cache updated for 0 products
2026-01-25 12:16:23,118 - INFO - __main__ - poll_stock - Starting stock polling cycle
2026-01-25 12:16:23,779 - INFO - __main__ - poll_stock - Stock cache updated for 0 products
2026-01-25 12:16:25,181 - INFO - __main__ - poll_stock - Starting stock polling cycle
2026-01-25 12:16:25,771 - INFO - __main__ - poll_stock - Stock cache updated for 0 products
2026-01-25 12:21:23,780 - INFO - __main__ - poll_stock - Starting stock polling cycle
2026-01-25 12:21:24,479 - INFO - __main__ - poll_stock - Stock cache updated for 0 products
2026-01-25 12:21:25,771 - INFO - __main__ - poll_stock - Starting stock polling cycle
2026-01-25 12:21:26,460 - INFO - __main__ - poll_stock - Stock cache updated for 0 products
2026-01-25 12:26:24,479 - INFO - __main__ - poll_stock - Starting stock polling cycle
2026-01-25 12:26:25,173 - INFO - __main__ - poll_stock - Stock cache updated for 0 products
2026-01-25 12:26:26,460 - INFO - __main__ - poll_stock - Starting stock polling cycle
2026-01-25 12:26:27,089 - INFO - __main__ - poll_stock - Stock cache updated for 0 products
2026-01-25 12:31:25,175 - INFO - __main__ - poll_stock - Starting stock polling cycle
2026-01-25 12:31:25,801 - INFO - __main__ - poll_stock - Stock cache updated for 0 products
2026-01-25 12:31:27,090 - INFO - __main__ - poll_stock - Starting stock polling cycle
2026-01-25 12:31:27,745 - INFO - __main__ - poll_stock - Stock cache updated for 0 products
2026-01-25 12:36:25,801 - INFO - __main__ - poll_stock - Starting stock polling cycle
2026-01-25 12:36:26,490 - INFO - __main__ - poll_stock - Stock cache updated for 0 products
2026-01-25 12:36:27,746 - INFO - __main__ - poll_stock - Starting stock polling cycle
2026-01-25 12:36:28,476 - INFO - __main__ - poll_stock - Stock cache updated for 0 products
2026-01-25 12:41:26,491 - INFO - __main__ - poll_stock - Starting stock polling cycle
2026-01-25 12:41:27,335 - INFO - __main__ - poll_stock - Stock cache updated for 0 products
2026-01-25 12:41:28,476 - INFO - __main__ - poll_stock - Starting stock polling cycle
2026-01-25 12:41:29,179 - INFO - __main__ - poll_stock - Stock cache updated for 0 products
2026-01-25 12:46:27,336 - INFO - __main__ - poll_stock - Starting stock polling cycle
2026-01-25 12:46:28,041 - INFO - __main__ - poll_stock - Stock cache updated for 0 products
2026-01-25 12:46:29,179 - INFO - __main__ - poll_stock - Starting stock polling cycle
2026-01-25 12:46:30,013 - INFO - __main__ - poll_stock - Stock cache updated for 0 products
2026-01-25 12:51:28,042 - INFO - __main__ - poll_stock - Starting stock polling cycle
2026-01-25 12:51:28,821 - INFO - __main__ - poll_stock - Stock cache updated for 0 products
2026-01-25 12:51:30,014 - INFO - __main__ - poll_stock - Starting stock polling cycle
2026-01-25 12:51:30,767 - INFO - __main__ - poll_stock - Stock cache updated for 0 products
2026-01-25 12:56:28,821 - INFO - __main__ - poll_stock - Starting stock polling cycle
2026-01-25 12:56:29,384 - INFO - __main__ - poll_stock - Stock cache updated for 0 products
2026-01-25 12:56:30,768 - INFO - __main__ - poll_stock - Starting stock polling cycle
2026-01-25 12:56:31,434 - INFO - __main__ - poll_stock - Stock cache updated for 0 products
2026-01-25 13:01:29,385 - INFO - __main__ - poll_stock - Starting stock polling cycle
2026-01-25 13:01:30,050 - INFO - __main__ - poll_stock - Stock cache updated for 0 products
2026-01-25 13:01:31,434 - INFO - __main__ - poll_stock - Starting stock polling cycle
2026-01-25 13:01:31,997 - INFO - __main__ - poll_stock - Stock cache updated for 0 products
2026-01-25 13:06:30,050 - INFO - __main__ - poll_stock - Starting stock polling cycle
2026-01-25 13:06:30,824 - INFO - __main__ - poll_stock - Stock cache updated for 0 products
2026-01-25 13:06:31,997 - INFO - __main__ - poll_stock - Starting stock polling cycle
2026-01-25 13:06:32,585 - INFO - __main__ - poll_stock - Stock cache updated for 0 products
2026-01-25 13:11:30,824 - INFO - __main__ - poll_stock - Starting stock polling cycle
2026-01-25 13:11:31,513 - INFO - __main__ - poll_stock - Stock cache updated for 0 products
2026-01-25 13:11:32,585 - INFO - __main__ - poll_stock - Starting stock polling cycle
2026-01-25 13:11:33,328 - INFO - __main__ - poll_stock - Stock cache updated for 0 products
2026-01-25 13:16:31,513 - INFO - __main__ - poll_stock - Starting stock polling cycle
2026-01-25 13:16:32,152 - INFO - __main__ - poll_stock - Stock cache updated for 0 products
2026-01-25 13:16:33,328 - INFO - __main__ - poll_stock - Starting stock polling cycle
2026-01-25 13:16:33,896 - INFO - __main__ - poll_stock - Stock cache updated for 0 products
2026-01-25 13:21:32,152 - INFO - __main__ - poll_stock - Starting stock polling cycle
2026-01-25 13:21:32,947 - INFO - __main__ - poll_stock - Stock cache updated for 0 products
2026-01-25 13:21:33,897 - INFO - __main__ - poll_stock - Starting stock polling cycle
2026-01-25 13:21:34,762 - INFO - __main__ - poll_stock - Stock cache updated for 0 products
2026-01-25 13:26:32,947 - INFO - __main__ - poll_stock - Starting stock polling cycle
2026-01-25 13:26:33,586 - INFO - __main__ - poll_stock - Stock cache updated for 0 products
2026-01-25 13:26:34,763 - INFO - __main__ - poll_stock - Starting stock polling cycle
2026-01-25 13:26:35,506 - INFO - __main__ - poll_stock - Stock cache updated for 0 products
2026-01-25 13:31:33,587 - INFO - __main__ - poll_stock - Starting stock polling cycle
2026-01-25 13:31:34,421 - INFO - __main__ - poll_stock - Stock cache updated for 0 products
2026-01-25 13:31:35,507 - INFO - __main__ - poll_stock - Starting stock polling cycle
2026-01-25 13:31:36,399 - INFO - __main__ - poll_stock - Stock cache updated for 0 products
2026-01-25 13:36:34,422 - INFO - __main__ - poll_stock - Starting stock polling cycle
2026-01-25 13:36:35,049 - INFO - __main__ - poll_stock - Stock cache updated for 0 products
2026-01-25 13:36:36,400 - INFO - __main__ - poll_stock - Starting stock polling cycle
2026-01-25 13:36:37,083 - INFO - __main__ - poll_stock - Stock cache updated for 0 products
2026-01-25 13:41:35,050 - INFO - __main__ - poll_stock - Starting stock polling cycle
2026-01-25 13:41:35,817 - INFO - __main__ - poll_stock - Stock cache updated for 0 products
2026-01-25 13:41:37,083 - INFO - __main__ - poll_stock - Starting stock polling cycle
2026-01-25 13:41:37,675 - INFO - __main__ - poll_stock - Stock cache updated for 0 products
2026-01-25 13:46:35,818 - INFO - __main__ - poll_stock - Starting stock polling cycle
2026-01-25 13:46:36,504 - INFO - __main__ - poll_stock - Stock cache updated for 0 products
2026-01-25 13:46:37,676 - INFO - __main__ - poll_stock - Starting stock polling cycle
2026-01-25 13:46:38,495 - INFO - __main__ - poll_stock - Stock cache updated for 0 products
2026-01-25 13:51:36,505 - INFO - __main__ - poll_stock - Starting stock polling cycle
2026-01-25 13:51:37,466 - INFO - __main__ - poll_stock - Stock cache updated for 0 products
2026-01-25 13:51:38,496 - INFO - __main__ - poll_stock - Starting stock polling cycle
2026-01-25 13:51:39,309 - INFO - __main__ - poll_stock - Stock cache updated for 0 products
2026-01-25 13:56:37,467 - INFO - __main__ - poll_stock - Starting stock polling cycle
2026-01-25 13:56:38,117 - INFO - __main__ - poll_stock - Stock cache updated for 0 products
2026-01-25 13:56:39,309 - INFO - __main__ - poll_stock - Starting stock polling cycle
2026-01-25 13:56:40,091 - INFO - __main__ - poll_stock - Stock cache updated for 0 products
2026-01-25 14:01:38,118 - INFO - __main__ - poll_stock - Starting stock polling cycle
2026-01-25 14:01:38,708 - INFO - __main__ - poll_stock - Stock cache updated for 0 products
2026-01-25 14:01:40,092 - INFO - __main__ - poll_stock - Starting stock polling cycle
2026-01-25 14:01:40,683 - INFO - __main__ - poll_stock - Stock cache updated for 0 products
2026-01-25 14:06:38,709 - INFO - __main__ - poll_stock - Starting stock polling cycle
2026-01-25 14:06:39,330 - INFO - __main__ - poll_stock - Stock cache updated for 0 products
2026-01-25 14:06:40,683 - INFO - __main__ - poll_stock - Starting stock polling cycle
2026-01-25 14:06:41,377 - INFO - __main__ - poll_stock - Stock cache updated for 0 products
2026-01-25 14:11:39,357 - INFO - __main__ - poll_stock - Starting stock polling cycle
2026-01-25 14:11:40,092 - INFO - __main__ - poll_stock - Stock cache updated for 0 products
2026-01-25 14:11:41,377 - INFO - __main__ - poll_stock - Starting stock polling cycle
2026-01-25 14:11:42,079 - INFO - __main__ - poll_stock - Stock cache updated for 0 products
2026-01-25 14:16:40,092 - INFO - __main__ - poll_stock - Starting stock polling cycle
2026-01-25 14:16:40,822 - INFO - __main__ - poll_stock - Stock cache updated for 0 products
2026-01-25 14:16:42,080 - INFO - __main__ - poll_stock - Starting stock polling cycle
2026-01-25 14:16:42,771 - INFO - __main__ - poll_stock - Stock cache updated for 0 products
2026-01-25 14:21:40,824 - INFO - __main__ - poll_stock - Starting stock polling cycle
2026-01-25 14:21:41,326 - INFO - __main__ - poll_stock - Stock cache updated for 0 products
2026-01-25 14:21:42,772 - INFO - __main__ - poll_stock - Starting stock polling cycle
2026-01-25 14:21:43,355 - INFO - __main__ - poll_stock - Stock cache updated for 0 products
2026-01-25 14:26:41,327 - INFO - __main__ - poll_stock - Starting stock polling cycle
2026-01-25 14:26:42,522 - INFO - __main__ - poll_stock - Stock cache updated for 0 products
2026-01-25 14:26:43,355 - INFO - __main__ - poll_stock - Starting stock polling cycle
2026-01-25 14:26:43,994 - INFO - __main__ - poll_stock - Stock cache updated for 0 products
2026-01-25 14:31:42,523 - INFO - __main__ - poll_stock - Starting stock polling cycle
2026-01-25 14:31:43,183 - INFO - __main__ - poll_stock - Stock cache updated for 0 products
2026-01-25 14:31:43,995 - INFO - __main__ - poll_stock - Starting stock polling cycle
2026-01-25 14:31:44,520 - INFO - __main__ - poll_stock - Stock cache updated for 0 products
2026-01-25 14:36:43,183 - INFO - __main__ - poll_stock - Starting stock polling cycle
2026-01-25 14:36:43,840 - INFO - __main__ - poll_stock - Stock cache updated for 0 products
2026-01-25 14:36:44,521 - INFO - __main__ - poll_stock - Starting stock polling cycle
2026-01-25 14:36:45,149 - INFO - __main__ - poll_stock - Stock cache updated for 0 products
2026-01-25 14:41:43,841 - INFO - __main__ - poll_stock - Starting stock polling cycle
2026-01-25 14:41:44,541 - INFO - __main__ - poll_stock - Stock cache updated for 0 products
2026-01-25 14:41:45,151 - INFO - __main__ - poll_stock - Starting stock polling cycle
2026-01-25 14:41:45,842 - INFO - __main__ - poll_stock - Stock cache updated for 0 products
2026-01-25 14:46:44,545 - INFO - __main__ - poll_stock - Starting stock polling cycle
2026-01-25 14:46:45,035 - INFO - __main__ - poll_stock - Stock cache updated for 0 products
2026-01-25 14:46:45,842 - INFO - __main__ - poll_stock - Starting stock polling cycle
2026-01-25 14:46:46,442 - INFO - __main__ - poll_stock - Stock cache updated for 0 products
2026-01-25 14:51:45,035 - INFO - __main__ - poll_stock - Starting stock polling cycle
2026-01-25 14:51:46,069 - INFO - __main__ - poll_stock - Stock cache updated for 0 products
2026-01-25 14:51:46,442 - INFO - __main__ - poll_stock - Starting stock polling cycle
2026-01-25 14:51:47,186 - INFO - __main__ - poll_stock - Stock cache updated for 0 products
2026-01-25 14:56:46,069 - INFO - __main__ - poll_stock - Starting stock polling cycle
2026-01-25 14:56:46,741 - INFO - __main__ - poll_stock - Stock cache updated for 0 products
2026-01-25 14:56:47,187 - INFO - __main__ - poll_stock - Starting stock polling cycle
2026-01-25 14:56:48,066 - INFO - __main__ - poll_stock - Stock cache updated for 0 products
2026-01-25 15:01:46,741 - INFO - __main__ - poll_stock - Starting stock polling cycle
2026-01-25 15:01:47,394 - INFO - __main__ - poll_stock - Stock cache updated for 0 products
2026-01-25 15:01:48,066 - INFO - __main__ - poll_stock - Starting stock polling cycle
2026-01-25 15:01:48,587 - INFO - __main__ - poll_stock - Stock cache updated for 0 products
2026-01-25 15:06:47,395 - INFO - __main__ - poll_stock - Starting stock polling cycle
2026-01-25 15:06:48,110 - INFO - __main__ - poll_stock - Stock cache updated for 0 products
2026-01-25 15:06:48,588 - INFO - __main__ - poll_stock - Starting stock polling cycle
2026-01-25 15:06:49,079 - INFO - __main__ - poll_stock - Stock cache updated for 0 products
2026-01-25 15:11:48,111 - INFO - __main__ - poll_stock - Starting stock polling cycle
2026-01-25 15:11:48,686 - INFO - __main__ - poll_stock - Stock cache updated for 0 products
2026-01-25 15:11:49,079 - INFO - __main__ - poll_stock - Starting stock polling cycle
2026-01-25 15:11:49,865 - INFO - __main__ - poll_stock - Stock cache updated for 0 products
2026-01-25 15:16:48,687 - INFO - __main__ - poll_stock - Starting stock polling cycle
2026-01-25 15:16:49,185 - INFO - __main__ - poll_stock - Stock cache updated for 0 products
2026-01-25 15:16:49,866 - INFO - __main__ - poll_stock - Starting stock polling cycle
2026-01-25 15:16:50,792 - INFO - __main__ - poll_stock - Stock cache updated for 0 products
2026-01-25 15:21:49,186 - INFO - __main__ - poll_stock - Starting stock polling cycle
2026-01-25 15:21:49,689 - INFO - __main__ - poll_stock - Stock cache updated for 0 products
2026-01-25 15:21:50,793 - INFO - __main__ - poll_stock - Starting stock polling cycle
2026-01-25 15:21:51,462 - INFO - __main__ - poll_stock - Stock cache updated for 0 products
2026-01-25 15:26:49,689 - INFO - __main__ - poll_stock - Starting stock polling cycle
2026-01-25 15:26:50,380 - INFO - __main__ - poll_stock - Stock cache updated for 0 products
2026-01-25 15:26:51,463 - INFO - __main__ - poll_stock - Starting stock polling cycle
2026-01-25 15:26:51,997 - INFO - __main__ - poll_stock - Stock cache updated for 0 products
2026-01-25 15:31:50,382 - INFO - __main__ - poll_stock - Starting stock polling cycle
2026-01-25 15:31:50,897 - INFO - __main__ - poll_stock - Stock cache updated for 0 products
2026-01-25 15:31:51,998 - INFO - __main__ - poll_stock - Starting stock polling cycle
2026-01-25 15:31:52,656 - INFO - __main__ - poll_stock - Stock cache updated for 0 products
2026-01-25 15:36:50,897 - INFO - __main__ - poll_stock - Starting stock polling cycle
2026-01-25 15:36:51,569 - INFO - __main__ - poll_stock - Stock cache updated for 0 products
2026-01-25 15:36:52,656 - INFO - __main__ - poll_stock - Starting stock polling cycle
2026-01-25 15:36:53,161 - INFO - __main__ - poll_stock - Stock cache updated for 0 products
2026-01-25 15:41:51,569 - INFO - __main__ - poll_stock - Starting stock polling cycle
2026-01-25 15:41:52,290 - INFO - __main__ - poll_stock - Stock cache updated for 0 products
2026-01-25 15:41:53,162 - INFO - __main__ - poll_stock - Starting stock polling cycle
2026-01-25 15:41:53,760 - INFO - __main__ - poll_stock - Stock cache updated for 0 products
2026-01-25 15:46:52,290 - INFO - __main__ - poll_stock - Starting stock polling cycle
2026-01-25 15:46:53,108 - INFO - __main__ - poll_stock - Stock cache updated for 0 products
2026-01-25 15:46:53,761 - INFO - __main__ - poll_stock - Starting stock polling cycle
2026-01-25 15:46:57,996 - INFO - __main__ - poll_stock - Stock cache updated for 0 products
2026-01-25 15:51:53,110 - INFO - __main__ - poll_stock - Starting stock polling cycle
2026-01-25 15:51:53,826 - INFO - __main__ - poll_stock - Stock cache updated for 0 products
2026-01-25 15:51:57,997 - INFO - __main__ - poll_stock - Starting stock polling cycle
2026-01-25 15:51:58,559 - INFO - __main__ - poll_stock - Stock cache updated for 0 products
2026-01-25 15:56:53,826 - INFO - __main__ - poll_stock - Starting stock polling cycle
2026-01-25 15:56:54,488 - INFO - __main__ - poll_stock - Stock cache updated for 0 products
2026-01-25 15:56:58,560 - INFO - __main__ - poll_stock - Starting stock polling cycle
2026-01-25 15:56:59,174 - INFO - __main__ - poll_stock - Stock cache updated for 0 products
2026-01-25 16:01:54,488 - INFO - __main__ - poll_stock - Starting stock polling cycle
2026-01-25 16:01:55,112 - INFO - __main__ - poll_stock - Stock cache updated for 0 products
2026-01-25 16:01:59,174 - INFO - __main__ - poll_stock - Starting stock polling cycle
2026-01-25 16:02:00,032 - INFO - __main__ - poll_stock - Stock cache updated for 0 products
2026-01-25 16:06:55,113 - INFO - __main__ - poll_stock - Starting stock polling cycle
2026-01-25 16:06:55,664 - INFO - __main__ - poll_stock - Stock cache updated for 0 products
2026-01-25 16:07:00,033 - INFO - __main__ - poll_stock - Starting stock polling cycle
2026-01-25 16:07:01,200 - INFO - __main__ - poll_stock - Stock cache updated for 0 products
2026-01-25 16:11:55,670 - INFO - __main__ - poll_stock - Starting stock polling cycle
2026-01-25 16:11:56,449 - INFO - __main__ - poll_stock - Stock cache updated for 0 products
2026-01-25 16:12:01,200 - INFO - __main__ - poll_stock - Starting stock polling cycle
2026-01-25 16:12:01,741 - INFO - __main__ - poll_stock - Stock cache updated for 0 products
2026-01-25 16:16:56,449 - INFO - __main__ - poll_stock - Starting stock polling cycle
2026-01-25 16:16:57,275 - INFO - __main__ - poll_stock - Stock cache updated for 0 products
2026-01-25 16:17:01,741 - INFO - __main__ - poll_stock - Starting stock polling cycle
2026-01-25 16:17:02,385 - INFO - __main__ - poll_stock - Stock cache updated for 0 products
2026-01-25 16:21:57,276 - INFO - __main__ - poll_stock - Starting stock polling cycle
2026-01-25 16:21:58,199 - INFO - __main__ - poll_stock - Stock cache updated for 0 products
2026-01-25 16:22:02,385 - INFO - __main__ - poll_stock - Starting stock polling cycle
2026-01-25 16:22:03,117 - INFO - __main__ - poll_stock - Stock cache updated for 0 products
2026-01-25 16:26:58,200 - INFO - __main__ - poll_stock - Starting stock polling cycle
2026-01-25 16:26:58,785 - INFO - __main__ - poll_stock - Stock cache updated for 0 products
2026-01-25 16:27:03,117 - INFO - __main__ - poll_stock - Starting stock polling cycle
2026-01-25 16:27:03,902 - INFO - __main__ - poll_stock - Stock cache updated for 0 products
2026-01-25 16:31:58,786 - INFO - __main__ - poll_stock - Starting stock polling cycle
2026-01-25 16:31:59,551 - INFO - __main__ - poll_stock - Stock cache updated for 0 products
2026-01-25 16:32:03,902 - INFO - __main__ - poll_stock - Starting stock polling cycle
2026-01-25 16:32:04,483 - INFO - __main__ - poll_stock - Stock cache updated for 0 products
2026-01-25 16:36:59,551 - INFO - __main__ - poll_stock - Starting stock polling cycle
2026-01-25 16:37:00,446 - INFO - __main__ - poll_stock - Stock cache updated for 0 products
2026-01-25 16:37:04,483 - INFO - __main__ - poll_stock - Starting stock polling cycle
2026-01-25 16:37:05,002 - INFO - __main__ - poll_stock - Stock cache updated for 0 products
2026-01-25 16:42:00,447 - INFO - __main__ - poll_stock - Starting stock polling cycle
2026-01-25 16:42:01,119 - INFO - __main__ - poll_stock - Stock cache updated for 0 products
2026-01-25 16:42:05,003 - INFO - __main__ - poll_stock - Starting stock polling cycle
2026-01-25 16:42:06,003 - INFO - __main__ - poll_stock - Stock cache updated for 0 products
2026-01-25 16:47:01,120 - INFO - __main__ - poll_stock - Starting stock polling cycle
2026-01-25 16:47:02,042 - INFO - __main__ - poll_stock - Stock cache updated for 0 products
2026-01-25 16:47:06,003 - INFO - __main__ - poll_stock - Starting stock polling cycle
2026-01-25 16:47:06,569 - INFO - __main__ - poll_stock - Stock cache updated for 0 products
2026-01-25 16:52:02,042 - INFO - __main__ - poll_stock - Starting stock polling cycle
2026-01-25 16:52:02,832 - INFO - __main__ - poll_stock - Stock cache updated for 0 products
2026-01-25 16:52:06,570 - INFO - __main__ - poll_stock - Starting stock polling cycle
2026-01-25 16:52:07,242 - INFO - __main__ - poll_stock - Stock cache updated for 0 products
2026-01-25 16:57:02,843 - INFO - __main__ - poll_stock - Starting stock polling cycle
2026-01-25 16:57:03,408 - INFO - __main__ - poll_stock - Stock cache updated for 0 products
2026-01-25 16:57:07,245 - INFO - __main__ - poll_stock - Starting stock polling cycle
2026-01-25 16:57:07,796 - INFO - __main__ - poll_stock - Stock cache updated for 0 products
2026-01-25 17:02:03,408 - INFO - __main__ - poll_stock - Starting stock polling cycle
2026-01-25 17:02:04,110 - INFO - __main__ - poll_stock - Stock cache updated for 0 products
2026-01-25 17:02:07,796 - INFO - __main__ - poll_stock - Starting stock polling cycle
2026-01-25 17:02:08,400 - INFO - __main__ - poll_stock - Stock cache updated for 0 products
2026-01-25 17:07:04,110 - INFO - __main__ - poll_stock - Starting stock polling cycle
2026-01-25 17:07:04,621 - INFO - __main__ - poll_stock - Stock cache updated for 0 products
2026-01-25 17:07:08,400 - INFO - __main__ - poll_stock - Starting stock polling cycle
2026-01-25 17:07:09,101 - INFO - __main__ - poll_stock - Stock cache updated for 0 products
2026-01-25 17:12:04,623 - INFO - __main__ - poll_stock - Starting stock polling cycle
2026-01-25 17:12:05,208 - INFO - __main__ - poll_stock - Stock cache updated for 0 products
2026-01-25 17:12:09,101 - INFO - __main__ - poll_stock - Starting stock polling cycle
2026-01-25 17:12:09,958 - INFO - __main__ - poll_stock - Stock cache updated for 0 products
2026-01-25 17:17:05,208 - INFO - __main__ - poll_stock - Starting stock polling cycle
2026-01-25 17:17:06,060 - INFO - __main__ - poll_stock - Stock cache updated for 0 products
2026-01-25 17:17:09,959 - INFO - __main__ - poll_stock - Starting stock polling cycle
2026-01-25 17:17:10,497 - INFO - __main__ - poll_stock - Stock cache updated for 0 products
2026-01-25 17:22:06,061 - INFO - __main__ - poll_stock - Starting stock polling cycle
2026-01-25 17:22:06,812 - INFO - __main__ - poll_stock - Stock cache updated for 0 products
2026-01-25 17:22:10,509 - INFO - __main__ - poll_stock - Starting stock polling cycle
2026-01-25 17:22:11,424 - INFO - __main__ - poll_stock - Stock cache updated for 0 products
2026-01-25 17:27:06,812 - INFO - __main__ - poll_stock - Starting stock polling cycle
2026-01-25 17:27:07,568 - INFO - __main__ - poll_stock - Stock cache updated for 0 products
2026-01-25 17:27:11,424 - INFO - __main__ - poll_stock - Starting stock polling cycle
2026-01-25 17:27:12,224 - INFO - __main__ - poll_stock - Stock cache updated for 0 products
2026-01-25 17:32:07,569 - INFO - __main__ - poll_stock - Starting stock polling cycle
2026-01-25 17:32:08,234 - INFO - __main__ - poll_stock - Stock cache updated for 0 products
2026-01-25 17:32:12,224 - INFO - __main__ - poll_stock - Starting stock polling cycle
2026-01-25 17:32:12,776 - INFO - __main__ - poll_stock - Stock cache updated for 0 products
2026-01-25 17:37:08,235 - INFO - __main__ - poll_stock - Starting stock polling cycle
2026-01-25 17:37:09,085 - INFO - __main__ - poll_stock - Stock cache updated for 0 products
2026-01-25 17:37:12,777 - INFO - __main__ - poll_stock - Starting stock polling cycle
2026-01-25 17:37:13,588 - INFO - __main__ - poll_stock - Stock cache updated for 0 products
2026-01-25 17:42:09,086 - INFO - __main__ - poll_stock - Starting stock polling cycle
2026-01-25 17:42:09,626 - INFO - __main__ - poll_stock - Stock cache updated for 0 products
2026-01-25 17:42:13,588 - INFO - __main__ - poll_stock - Starting stock polling cycle
2026-01-25 17:42:14,152 - INFO - __main__ - poll_stock - Stock cache updated for 0 products
2026-01-25 17:47:09,627 - INFO - __main__ - poll_stock - Starting stock polling cycle
2026-01-25 17:47:10,459 - INFO - __main__ - poll_stock - Stock cache updated for 0 products
2026-01-25 17:47:14,152 - INFO - __main__ - poll_stock - Starting stock polling cycle
2026-01-25 17:47:14,835 - INFO - __main__ - poll_stock - Stock cache updated for 0 products
2026-01-25 17:52:10,459 - INFO - __main__ - poll_stock - Starting stock polling cycle
2026-01-25 17:52:10,954 - INFO - __main__ - poll_stock - Stock cache updated for 0 products
2026-01-25 17:52:14,836 - INFO - __main__ - poll_stock - Starting stock polling cycle
2026-01-25 17:52:15,543 - INFO - __main__ - poll_stock - Stock cache updated for 0 products
2026-01-25 17:57:10,954 - INFO - __main__ - poll_stock - Starting stock polling cycle
2026-01-25 17:57:11,749 - INFO - __main__ - poll_stock - Stock cache updated for 0 products
2026-01-25 17:57:15,543 - INFO - __main__ - poll_stock - Starting stock polling cycle
2026-01-25 17:57:16,359 - INFO - __main__ - poll_stock - Stock cache updated for 0 products
2026-01-25 18:02:11,750 - INFO - __main__ - poll_stock - Starting stock polling cycle
2026-01-25 18:02:12,391 - INFO - __main__ - poll_stock - Stock cache updated for 0 products
2026-01-25 18:02:16,362 - INFO - __main__ - poll_stock - Starting stock polling cycle
2026-01-25 18:02:17,120 - INFO - __main__ - poll_stock - Stock cache updated for 0 products
2026-01-25 18:07:12,392 - INFO - __main__ - poll_stock - Starting stock polling cycle
2026-01-25 18:07:13,133 - INFO - __main__ - poll_stock - Stock cache updated for 0 products
2026-01-25 18:07:17,124 - INFO - __main__ - poll_stock - Starting stock polling cycle
2026-01-25 18:07:18,018 - INFO - __main__ - poll_stock - Stock cache updated for 0 products
2026-01-25 18:12:13,134 - INFO - __main__ - poll_stock - Starting stock polling cycle
2026-01-25 18:12:14,057 - INFO - __main__ - poll_stock - Stock cache updated for 0 products
2026-01-25 18:12:18,019 - INFO - __main__ - poll_stock - Starting stock polling cycle
2026-01-25 18:12:18,591 - INFO - __main__ - poll_stock - Stock cache updated for 0 products
2026-01-25 18:17:14,058 - INFO - __main__ - poll_stock - Starting stock polling cycle
2026-01-25 18:17:14,811 - INFO - __main__ - poll_stock - Stock cache updated for 0 products
2026-01-25 18:17:18,593 - INFO - __main__ - poll_stock - Starting stock polling cycle
2026-01-25 18:17:19,113 - INFO - __main__ - poll_stock - Stock cache updated for 0 products
2026-01-25 18:22:14,811 - INFO - __main__ - poll_stock - Starting stock polling cycle
2026-01-25 18:22:15,313 - INFO - __main__ - poll_stock - Stock cache updated for 0 products
2026-01-25 18:22:19,114 - INFO - __main__ - poll_stock - Starting stock polling cycle
2026-01-25 18:22:19,775 - INFO - __main__ - poll_stock - Stock cache updated for 0 products
2026-01-25 18:27:15,314 - INFO - __main__ - poll_stock - Starting stock polling cycle
2026-01-25 18:27:16,107 - INFO - __main__ - poll_stock - Stock cache updated for 0 products
2026-01-25 18:27:19,778 - INFO - __main__ - poll_stock - Starting stock polling cycle
2026-01-25 18:27:20,448 - INFO - __main__ - poll_stock - Stock cache updated for 0 products
2026-01-25 18:32:16,108 - INFO - __main__ - poll_stock - Starting stock polling cycle
2026-01-25 18:32:16,828 - INFO - __main__ - poll_stock - Stock cache updated for 0 products
2026-01-25 18:32:20,448 - INFO - __main__ - poll_stock - Starting stock polling cycle
2026-01-25 18:32:21,191 - INFO - __main__ - poll_stock - Stock cache updated for 0 products
2026-01-25 18:37:16,829 - INFO - __main__ - poll_stock - Starting stock polling cycle
2026-01-25 18:37:17,695 - INFO - __main__ - poll_stock - Stock cache updated for 0 products
2026-01-25 18:37:21,191 - INFO - __main__ - poll_stock - Starting stock polling cycle
2026-01-25 18:37:21,714 - INFO - __main__ - poll_stock - Stock cache updated for 0 products
2026-01-25 18:42:17,696 - INFO - __main__ - poll_stock - Starting stock polling cycle
2026-01-25 18:42:18,401 - INFO - __main__ - poll_stock - Stock cache updated for 0 products
2026-01-25 18:42:21,715 - INFO - __main__ - poll_stock - Starting stock polling cycle
2026-01-25 18:42:22,425 - INFO - __main__ - poll_stock - Stock cache updated for 0 products
2026-01-25 18:47:18,401 - INFO - __main__ - poll_stock - Starting stock polling cycle
2026-01-25 18:47:19,208 - INFO - __main__ - poll_stock - Stock cache updated for 0 products
2026-01-25 18:47:22,426 - INFO - __main__ - poll_stock - Starting stock polling cycle
2026-01-25 18:47:23,086 - INFO - __main__ - poll_stock - Stock cache updated for 0 products
2026-01-25 18:52:19,209 - INFO - __main__ - poll_stock - Starting stock polling cycle
2026-01-25 18:52:20,001 - INFO - __main__ - poll_stock - Stock cache updated for 0 products
2026-01-25 18:52:23,086 - INFO - __main__ - poll_stock - Starting stock polling cycle
2026-01-25 18:52:23,796 - INFO - __main__ - poll_stock - Stock cache updated for 0 products
2026-01-25 18:57:20,001 - INFO - __main__ - poll_stock - Starting stock polling cycle
2026-01-25 18:57:20,807 - INFO - __main__ - poll_stock - Stock cache updated for 0 products
2026-01-25 18:57:23,796 - INFO - __main__ - poll_stock - Starting stock polling cycle
2026-01-25 18:57:24,456 - INFO - __main__ - poll_stock - Stock cache updated for 0 products
2026-01-25 19:02:20,808 - INFO - __main__ - poll_stock - Starting stock polling cycle
2026-01-25 19:02:21,742 - INFO - __main__ - poll_stock - Stock cache updated for 0 products
2026-01-25 19:02:24,457 - INFO - __main__ - poll_stock - Starting stock polling cycle
2026-01-25 19:02:25,125 - INFO - __main__ - poll_stock - Stock cache updated for 0 products
2026-01-25 19:07:21,744 - INFO - __main__ - poll_stock - Starting stock polling cycle
2026-01-25 19:07:22,267 - INFO - __main__ - poll_stock - Stock cache updated for 0 products
2026-01-25 19:07:25,126 - INFO - __main__ - poll_stock - Starting stock polling cycle
2026-01-25 19:07:25,750 - INFO - __main__ - poll_stock - Stock cache updated for 0 products
2026-01-25 19:12:22,268 - INFO - __main__ - poll_stock - Starting stock polling cycle
2026-01-25 19:12:23,232 - INFO - __main__ - poll_stock - Stock cache updated for 0 products
2026-01-25 19:12:25,750 - INFO - __main__ - poll_stock - Starting stock polling cycle
2026-01-25 19:12:26,255 - INFO - __main__ - poll_stock - Stock cache updated for 0 products
2026-01-25 19:17:23,233 - INFO - __main__ - poll_stock - Starting stock polling cycle
2026-01-25 19:17:23,747 - INFO - __main__ - poll_stock - Stock cache updated for 0 products
2026-01-25 19:17:26,256 - INFO - __main__ - poll_stock - Starting stock polling cycle
2026-01-25 19:17:27,078 - INFO - __main__ - poll_stock - Stock cache updated for 0 products
2026-01-25 19:22:23,747 - INFO - __main__ - poll_stock - Starting stock polling cycle
2026-01-25 19:22:24,476 - INFO - __main__ - poll_stock - Stock cache updated for 0 products
2026-01-25 19:22:27,078 - INFO - __main__ - poll_stock - Starting stock polling cycle
2026-01-25 19:22:27,728 - INFO - __main__ - poll_stock - Stock cache updated for 0 products
2026-01-25 19:27:24,476 - INFO - __main__ - poll_stock - Starting stock polling cycle
2026-01-25 19:27:25,197 - INFO - __main__ - poll_stock - Stock cache updated for 0 products
2026-01-25 19:27:27,729 - INFO - __main__ - poll_stock - Starting stock polling cycle
2026-01-25 19:27:28,254 - INFO - __main__ - poll_stock - Stock cache updated for 0 products
2026-01-25 19:32:25,197 - INFO - __main__ - poll_stock - Starting stock polling cycle
2026-01-25 19:32:26,052 - INFO - __main__ - poll_stock - Stock cache updated for 0 products
2026-01-25 19:32:28,255 - INFO - __main__ - poll_stock - Starting stock polling cycle
2026-01-25 19:32:28,818 - INFO - __main__ - poll_stock - Stock cache updated for 0 products
2026-01-25 19:37:26,052 - INFO - __main__ - poll_stock - Starting stock polling cycle
2026-01-25 19:37:26,783 - INFO - __main__ - poll_stock - Stock cache updated for 0 products
2026-01-25 19:37:28,819 - INFO - __main__ - poll_stock - Starting stock polling cycle
2026-01-25 19:37:29,475 - INFO - __main__ - poll_stock - Stock cache updated for 0 products
2026-01-25 19:42:26,784 - INFO - __main__ - poll_stock - Starting stock polling cycle
2026-01-25 19:42:27,272 - INFO - __main__ - poll_stock - Stock cache updated for 0 products
2026-01-25 19:42:29,475 - INFO - __main__ - poll_stock - Starting stock polling cycle
2026-01-25 19:42:30,017 - INFO - __main__ - poll_stock - Stock cache updated for 0 products
2026-01-25 19:47:27,273 - INFO - __main__ - poll_stock - Starting stock polling cycle
2026-01-25 19:47:28,176 - INFO - __main__ - poll_stock - Stock cache updated for 0 products
2026-01-25 19:47:30,017 - INFO - __main__ - poll_stock - Starting stock polling cycle
2026-01-25 19:47:30,842 - INFO - __main__ - poll_stock - Stock cache updated for 0 products
2026-01-25 19:52:28,177 - INFO - __main__ - poll_stock - Starting stock polling cycle
2026-01-25 19:52:28,730 - INFO - __main__ - poll_stock - Stock cache updated for 0 products
2026-01-25 19:52:30,843 - INFO - __main__ - poll_stock - Starting stock polling cycle
2026-01-25 19:52:31,471 - INFO - __main__ - poll_stock - Stock cache updated for 0 products
2026-01-25 19:57:28,731 - INFO - __main__ - poll_stock - Starting stock polling cycle
2026-01-25 19:57:29,671 - INFO - __main__ - poll_stock - Stock cache updated for 0 products
2026-01-25 19:57:31,472 - INFO - __main__ - poll_stock - Starting stock polling cycle
2026-01-25 19:57:32,093 - INFO - __main__ - poll_stock - Stock cache updated for 0 products
2026-01-25 20:02:29,672 - INFO - __main__ - poll_stock - Starting stock polling cycle
2026-01-25 20:02:30,314 - INFO - __main__ - poll_stock - Stock cache updated for 0 products
2026-01-25 20:02:32,093 - INFO - __main__ - poll_stock - Starting stock polling cycle
2026-01-25 20:02:32,801 - INFO - __main__ - poll_stock - Stock cache updated for 0 products
2026-01-25 20:07:30,315 - INFO - __main__ - poll_stock - Starting stock polling cycle
2026-01-25 20:07:31,012 - INFO - __main__ - poll_stock - Stock cache updated for 0 products
2026-01-25 20:07:32,801 - INFO - __main__ - poll_stock - Starting stock polling cycle
2026-01-25 20:07:33,347 - INFO - __main__ - poll_stock - Stock cache updated for 0 products
2026-01-25 20:12:31,012 - INFO - __main__ - poll_stock - Starting stock polling cycle
2026-01-25 20:12:31,738 - INFO - __main__ - poll_stock - Stock cache updated for 0 products
2026-01-25 20:12:33,347 - INFO - __main__ - poll_stock - Starting stock polling cycle
2026-01-25 20:12:33,988 - INFO - __main__ - poll_stock - Stock cache updated for 0 products
2026-01-25 20:17:31,739 - INFO - __main__ - poll_stock - Starting stock polling cycle
2026-01-25 20:17:32,384 - INFO - __main__ - poll_stock - Stock cache updated for 0 products
2026-01-25 20:17:33,989 - INFO - __main__ - poll_stock - Starting stock polling cycle
2026-01-25 20:17:34,662 - INFO - __main__ - poll_stock - Stock cache updated for 0 products
2026-01-25 20:22:32,385 - INFO - __main__ - poll_stock - Starting stock polling cycle
2026-01-25 20:22:33,055 - INFO - __main__ - poll_stock - Stock cache updated for 0 products
2026-01-25 20:22:34,663 - INFO - __main__ - poll_stock - Starting stock polling cycle
2026-01-25 20:22:35,170 - INFO - __main__ - poll_stock - Stock cache updated for 0 products
2026-01-25 20:27:33,055 - INFO - __main__ - poll_stock - Starting stock polling cycle
2026-01-25 20:27:33,540 - INFO - __main__ - poll_stock - Stock cache updated for 0 products
2026-01-25 20:27:35,171 - INFO - __main__ - poll_stock - Starting stock polling cycle
2026-01-25 20:27:35,810 - INFO - __main__ - poll_stock - Stock cache updated for 0 products
2026-01-25 20:32:33,541 - INFO - __main__ - poll_stock - Starting stock polling cycle
2026-01-25 20:32:34,245 - INFO - __main__ - poll_stock - Stock cache updated for 0 products
2026-01-25 20:32:35,810 - INFO - __main__ - poll_stock - Starting stock polling cycle
2026-01-25 20:32:36,481 - INFO - __main__ - poll_stock - Stock cache updated for 0 products
2026-01-25 20:37:34,245 - INFO - __main__ - poll_stock - Starting stock polling cycle
2026-01-25 20:37:35,225 - INFO - __main__ - poll_stock - Stock cache updated for 0 products
2026-01-25 20:37:36,482 - INFO - __main__ - poll_stock - Starting stock polling cycle
2026-01-25 20:37:37,268 - INFO - __main__ - poll_stock - Stock cache updated for 0 products
2026-01-25 20:42:35,226 - INFO - __main__ - poll_stock - Starting stock polling cycle
2026-01-25 20:42:35,878 - INFO - __main__ - poll_stock - Stock cache updated for 0 products
2026-01-25 20:42:37,269 - INFO - __main__ - poll_stock - Starting stock polling cycle
2026-01-25 20:42:37,927 - INFO - __main__ - poll_stock - Stock cache updated for 0 products
2026-01-25 20:47:35,878 - INFO - __main__ - poll_stock - Starting stock polling cycle
2026-01-25 20:47:36,389 - INFO - __main__ - poll_stock - Stock cache updated for 0 products
2026-01-25 20:47:37,927 - INFO - __main__ - poll_stock - Starting stock polling cycle
2026-01-25 20:47:38,461 - INFO - __main__ - poll_stock - Stock cache updated for 0 products
2026-01-25 20:52:36,389 - INFO - __main__ - poll_stock - Starting stock polling cycle
2026-01-25 20:52:37,189 - INFO - __main__ - poll_stock - Stock cache updated for 0 products
2026-01-25 20:52:38,461 - INFO - __main__ - poll_stock - Starting stock polling cycle
2026-01-25 20:52:39,181 - INFO - __main__ - poll_stock - Stock cache updated for 0 products
2026-01-25 20:57:37,189 - INFO - __main__ - poll_stock - Starting stock polling cycle
2026-01-25 20:57:38,098 - INFO - __main__ - poll_stock - Stock cache updated for 0 products
2026-01-25 20:57:39,182 - INFO - __main__ - poll_stock - Starting stock polling cycle
2026-01-25 20:57:40,010 - INFO - __main__ - poll_stock - Stock cache updated for 0 products
2026-01-25 21:02:38,099 - INFO - __main__ - poll_stock - Starting stock polling cycle
2026-01-25 21:02:38,647 - INFO - __main__ - poll_stock - Stock cache updated for 0 products
2026-01-25 21:02:40,010 - INFO - __main__ - poll_stock - Starting stock polling cycle
2026-01-25 21:02:40,516 - INFO - __main__ - poll_stock - Stock cache updated for 0 products
2026-01-25 21:07:38,648 - INFO - __main__ - poll_stock - Starting stock polling cycle
2026-01-25 21:07:39,300 - INFO - __main__ - poll_stock - Stock cache updated for 0 products
2026-01-25 21:07:40,516 - INFO - __main__ - poll_stock - Starting stock polling cycle
2026-01-25 21:07:41,031 - INFO - __main__ - poll_stock - Stock cache updated for 0 products
2026-01-25 21:12:39,300 - INFO - __main__ - poll_stock - Starting stock polling cycle
2026-01-25 21:12:39,943 - INFO - __main__ - poll_stock - Stock cache updated for 0 products
2026-01-25 21:12:41,032 - INFO - __main__ - poll_stock - Starting stock polling cycle
2026-01-25 21:12:41,703 - INFO - __main__ - poll_stock - Stock cache updated for 0 products
2026-01-25 21:17:39,943 - INFO - __main__ - poll_stock - Starting stock polling cycle
2026-01-25 21:17:40,475 - INFO - __main__ - poll_stock - Stock cache updated for 0 products
2026-01-25 21:17:41,704 - INFO - __main__ - poll_stock - Starting stock polling cycle
2026-01-25 21:17:42,243 - INFO - __main__ - poll_stock - Stock cache updated for 0 products
2026-01-25 21:22:40,475 - INFO - __main__ - poll_stock - Starting stock polling cycle
2026-01-25 21:22:41,016 - INFO - __main__ - poll_stock - Stock cache updated for 0 products
2026-01-25 21:22:42,243 - INFO - __main__ - poll_stock - Starting stock polling cycle
2026-01-25 21:22:43,257 - INFO - __main__ - poll_stock - Stock cache updated for 0 products
2026-01-25 21:27:41,016 - INFO - __main__ - poll_stock - Starting stock polling cycle
2026-01-25 21:27:41,552 - INFO - __main__ - poll_stock - Stock cache updated for 0 products
2026-01-25 21:27:43,257 - INFO - __main__ - poll_stock - Starting stock polling cycle
2026-01-25 21:27:44,014 - INFO - __main__ - poll_stock - Stock cache updated for 0 products
2026-01-25 21:32:41,553 - INFO - __main__ - poll_stock - Starting stock polling cycle
2026-01-25 21:32:42,203 - INFO - __main__ - poll_stock - Stock cache updated for 0 products
2026-01-25 21:32:44,014 - INFO - __main__ - poll_stock - Starting stock polling cycle
2026-01-25 21:32:44,763 - INFO - __main__ - poll_stock - Stock cache updated for 0 products
2026-01-25 21:37:42,204 - INFO - __main__ - poll_stock - Starting stock polling cycle
2026-01-25 21:37:42,862 - INFO - __main__ - poll_stock - Stock cache updated for 0 products
2026-01-25 21:37:44,763 - INFO - __main__ - poll_stock - Starting stock polling cycle
2026-01-25 21:37:45,666 - INFO - __main__ - poll_stock - Stock cache updated for 0 products
2026-01-25 21:42:42,863 - INFO - __main__ - poll_stock - Starting stock polling cycle
2026-01-25 21:42:43,555 - INFO - __main__ - poll_stock - Stock cache updated for 0 products
2026-01-25 21:42:45,667 - INFO - __main__ - poll_stock - Starting stock polling cycle
2026-01-25 21:42:46,199 - INFO - __main__ - poll_stock - Stock cache updated for 0 products
2026-01-25 21:47:43,556 - INFO - __main__ - poll_stock - Starting stock polling cycle
2026-01-25 21:47:44,462 - INFO - __main__ - poll_stock - Stock cache updated for 0 products
2026-01-25 21:47:46,199 - INFO - __main__ - poll_stock - Starting stock polling cycle
2026-01-25 21:47:46,822 - INFO - __main__ - poll_stock - Stock cache updated for 0 products
2026-01-25 21:52:44,462 - INFO - __main__ - poll_stock - Starting stock polling cycle
2026-01-25 21:52:45,146 - INFO - __main__ - poll_stock - Stock cache updated for 0 products
2026-01-25 21:52:46,823 - INFO - __main__ - poll_stock - Starting stock polling cycle
2026-01-25 21:52:47,693 - INFO - __main__ - poll_stock - Stock cache updated for 0 products
2026-01-25 21:57:45,146 - INFO - __main__ - poll_stock - Starting stock polling cycle
2026-01-25 21:57:45,890 - INFO - __main__ - poll_stock - Stock cache updated for 0 products
2026-01-25 21:57:47,694 - INFO - __main__ - poll_stock - Starting stock polling cycle
2026-01-25 21:57:48,352 - INFO - __main__ - poll_stock - Stock cache updated for 0 products
2026-01-25 22:02:45,890 - INFO - __main__ - poll_stock - Starting stock polling cycle
2026-01-25 22:02:46,458 - INFO - __main__ - poll_stock - Stock cache updated for 0 products
2026-01-25 22:02:48,352 - INFO - __main__ - poll_stock - Starting stock polling cycle
2026-01-25 22:02:49,004 - INFO - __main__ - poll_stock - Stock cache updated for 0 products
2026-01-25 22:07:46,458 - INFO - __main__ - poll_stock - Starting stock polling cycle
2026-01-25 22:07:47,305 - INFO - __main__ - poll_stock - Stock cache updated for 0 products
2026-01-25 22:07:49,005 - INFO - __main__ - poll_stock - Starting stock polling cycle
2026-01-25 22:07:49,950 - INFO - __main__ - poll_stock - Stock cache updated for 0 products
2026-01-25 22:12:47,306 - INFO - __main__ - poll_stock - Starting stock polling cycle
2026-01-25 22:12:47,956 - INFO - __main__ - poll_stock - Stock cache updated for 0 products
2026-01-25 22:12:49,951 - INFO - __main__ - poll_stock - Starting stock polling cycle
2026-01-25 22:12:50,492 - INFO - __main__ - poll_stock - Stock cache updated for 0 products
2026-01-25 22:17:47,957 - INFO - __main__ - poll_stock - Starting stock polling cycle
2026-01-25 22:17:48,564 - INFO - __main__ - poll_stock - Stock cache updated for 0 products
2026-01-25 22:17:50,492 - INFO - __main__ - poll_stock - Starting stock polling cycle
2026-01-25 22:17:51,126 - INFO - __main__ - poll_stock - Stock cache updated for 0 products
2026-01-25 22:22:48,565 - INFO - __main__ - poll_stock - Starting stock polling cycle
2026-01-25 22:22:49,201 - INFO - __main__ - poll_stock - Stock cache updated for 0 products
2026-01-25 22:22:51,126 - INFO - __main__ - poll_stock - Starting stock polling cycle
2026-01-25 22:22:51,757 - INFO - __main__ - poll_stock - Stock cache updated for 0 products
2026-01-25 22:27:49,201 - INFO - __main__ - poll_stock - Starting stock polling cycle
2026-01-25 22:27:49,874 - INFO - __main__ - poll_stock - Stock cache updated for 0 products
2026-01-25 22:27:51,758 - INFO - __main__ - poll_stock - Starting stock polling cycle
2026-01-25 22:27:52,355 - INFO - __main__ - poll_stock - Stock cache updated for 0 products
2026-01-25 22:32:49,874 - INFO - __main__ - poll_stock - Starting stock polling cycle
2026-01-25 22:32:50,575 - INFO - __main__ - poll_stock - Stock cache updated for 0 products
2026-01-25 22:32:52,356 - INFO - __main__ - poll_stock - Starting stock polling cycle
2026-01-25 22:32:53,136 - INFO - __main__ - poll_stock - Stock cache updated for 0 products
2026-01-25 22:37:50,575 - INFO - __main__ - poll_stock - Starting stock polling cycle
2026-01-25 22:37:51,507 - INFO - __main__ - poll_stock - Stock cache updated for 0 products
2026-01-25 22:37:53,137 - INFO - __main__ - poll_stock - Starting stock polling cycle
2026-01-25 22:37:53,757 - INFO - __main__ - poll_stock - Stock cache updated for 0 products
2026-01-25 22:42:51,508 - INFO - __main__ - poll_stock - Starting stock polling cycle
2026-01-25 22:42:52,190 - INFO - __main__ - poll_stock - Stock cache updated for 0 products
2026-01-25 22:42:53,758 - INFO - __main__ - poll_stock - Starting stock polling cycle
2026-01-25 22:42:54,460 - INFO - __main__ - poll_stock - Stock cache updated for 0 products
2026-01-25 22:47:52,191 - INFO - __main__ - poll_stock - Starting stock polling cycle
2026-01-25 22:47:52,804 - INFO - __main__ - poll_stock - Stock cache updated for 0 products
2026-01-25 22:47:54,460 - INFO - __main__ - poll_stock - Starting stock polling cycle
2026-01-25 22:47:55,285 - INFO - __main__ - poll_stock - Stock cache updated for 0 products
2026-01-25 22:52:52,805 - INFO - __main__ - poll_stock - Starting stock polling cycle
2026-01-25 22:52:53,444 - INFO - __main__ - poll_stock - Stock cache updated for 0 products
2026-01-25 22:52:55,285 - INFO - __main__ - poll_stock - Starting stock polling cycle
2026-01-25 22:52:56,022 - INFO - __main__ - poll_stock - Stock cache updated for 0 products
2026-01-25 22:57:53,444 - INFO - __main__ - poll_stock - Starting stock polling cycle
2026-01-25 22:57:54,152 - INFO - __main__ - poll_stock - Stock cache updated for 0 products
2026-01-25 22:57:56,022 - INFO - __main__ - poll_stock - Starting stock polling cycle
2026-01-25 22:57:56,750 - INFO - __main__ - poll_stock - Stock cache updated for 0 products
2026-01-25 23:02:54,153 - INFO - __main__ - poll_stock - Starting stock polling cycle
2026-01-25 23:02:55,147 - INFO - __main__ - poll_stock - Stock cache updated for 0 products
2026-01-25 23:02:56,750 - INFO - __main__ - poll_stock - Starting stock polling cycle
2026-01-25 23:02:57,704 - INFO - __main__ - poll_stock - Stock cache updated for 0 products
2026-01-25 23:07:55,147 - INFO - __main__ - poll_stock - Starting stock polling cycle
2026-01-25 23:07:55,915 - INFO - __main__ - poll_stock - Stock cache updated for 0 products
2026-01-25 23:07:57,705 - INFO - __main__ - poll_stock - Starting stock polling cycle
2026-01-25 23:07:58,463 - INFO - __main__ - poll_stock - Stock cache updated for 0 products
2026-01-25 23:12:55,916 - INFO - __main__ - poll_stock - Starting stock polling cycle
2026-01-25 23:12:56,434 - INFO - __main__ - poll_stock - Stock cache updated for 0 products
2026-01-25 23:12:58,463 - INFO - __main__ - poll_stock - Starting stock polling cycle
2026-01-25 23:12:59,135 - INFO - __main__ - poll_stock - Stock cache updated for 0 products
2026-01-25 23:17:56,434 - INFO - __main__ - poll_stock - Starting stock polling cycle
2026-01-25 23:17:57,120 - INFO - __main__ - poll_stock - Stock cache updated for 0 products
2026-01-25 23:17:59,135 - INFO - __main__ - poll_stock - Starting stock polling cycle
2026-01-25 23:17:59,787 - INFO - __main__ - poll_stock - Stock cache updated for 0 products
2026-01-25 23:22:57,121 - INFO - __main__ - poll_stock - Starting stock polling cycle
2026-01-25 23:22:57,627 - INFO - __main__ - poll_stock - Stock cache updated for 0 products
2026-01-25 23:22:59,788 - INFO - __main__ - poll_stock - Starting stock polling cycle
2026-01-25 23:23:00,423 - INFO - __main__ - poll_stock - Stock cache updated for 0 products
2026-01-25 23:27:57,645 - INFO - __main__ - poll_stock - Starting stock polling cycle
2026-01-25 23:27:58,321 - INFO - __main__ - poll_stock - Stock cache updated for 0 products
2026-01-25 23:28:00,423 - INFO - __main__ - poll_stock - Starting stock polling cycle
2026-01-25 23:28:00,982 - INFO - __main__ - poll_stock - Stock cache updated for 0 products
2026-01-25 23:32:58,322 - INFO - __main__ - poll_stock - Starting stock polling cycle
2026-01-25 23:32:59,174 - INFO - __main__ - poll_stock - Stock cache updated for 0 products
2026-01-25 23:33:00,982 - INFO - __main__ - poll_stock - Starting stock polling cycle
2026-01-25 23:33:01,735 - INFO - __main__ - poll_stock - Stock cache updated for 0 products
2026-01-25 23:37:59,174 - INFO - __main__ - poll_stock - Starting stock polling cycle
2026-01-25 23:37:59,817 - INFO - __main__ - poll_stock - Stock cache updated for 0 products
2026-01-25 23:38:01,736 - INFO - __main__ - poll_stock - Starting stock polling cycle
2026-01-25 23:38:02,381 - INFO - __main__ - poll_stock - Stock cache updated for 0 products
2026-01-25 23:42:59,818 - INFO - __main__ - poll_stock - Starting stock polling cycle
2026-01-25 23:43:00,471 - INFO - __main__ - poll_stock - Stock cache updated for 0 products
2026-01-25 23:43:02,381 - INFO - __main__ - poll_stock - Starting stock polling cycle
2026-01-25 23:43:03,134 - INFO - __main__ - poll_stock - Stock cache updated for 0 products
2026-01-25 23:48:00,471 - INFO - __main__ - poll_stock - Starting stock polling cycle
2026-01-25 23:48:01,454 - INFO - __main__ - poll_stock - Stock cache updated for 0 products
2026-01-25 23:48:03,134 - INFO - __main__ - poll_stock - Starting stock polling cycle
2026-01-25 23:48:03,791 - INFO - __main__ - poll_stock - Stock cache updated for 0 products
2026-01-25 23:53:01,454 - INFO - __main__ - poll_stock - Starting stock polling cycle
2026-01-25 23:53:01,995 - INFO - __main__ - poll_stock - Stock cache updated for 0 products
2026-01-25 23:53:03,792 - INFO - __main__ - poll_stock - Starting stock polling cycle
2026-01-25 23:53:04,444 - INFO - __main__ - poll_stock - Stock cache updated for 0 products
2026-01-25 23:58:01,995 - INFO - __main__ - poll_stock - Starting stock polling cycle
2026-01-25 23:58:03,274 - INFO - __main__ - poll_stock - Stock cache updated for 0 products
2026-01-25 23:58:04,445 - INFO - __main__ - poll_stock - Starting stock polling cycle
2026-01-25 23:58:05,277 - INFO - __main__ - poll_stock - Stock cache updated for 0 products
2026-01-26 00:03:03,301 - INFO - __main__ - poll_stock - Starting stock polling cycle
2026-01-26 00:03:03,930 - INFO - __main__ - poll_stock - Stock cache updated for 0 products
2026-01-26 00:03:05,278 - INFO - __main__ - poll_stock - Starting stock polling cycle
2026-01-26 00:03:06,214 - INFO - __main__ - poll_stock - Stock cache updated for 0 products
2026-01-26 00:08:03,930 - INFO - __main__ - poll_stock - Starting stock polling cycle
2026-01-26 00:08:04,475 - INFO - __main__ - poll_stock - Stock cache updated for 0 products
2026-01-26 00:08:06,215 - INFO - __main__ - poll_stock - Starting stock polling cycle
2026-01-26 00:08:07,037 - INFO - __main__ - poll_stock - Stock cache updated for 0 products
2026-01-26 00:13:04,476 - INFO - __main__ - poll_stock - Starting stock polling cycle
2026-01-26 00:13:05,064 - INFO - __main__ - poll_stock - Stock cache updated for 0 products
2026-01-26 00:13:07,038 - INFO - __main__ - poll_stock - Starting stock polling cycle
2026-01-26 00:13:07,829 - INFO - __main__ - poll_stock - Stock cache updated for 0 products
2026-01-26 00:18:05,064 - INFO - __main__ - poll_stock - Starting stock polling cycle
2026-01-26 00:18:05,752 - INFO - __main__ - poll_stock - Stock cache updated for 0 products
2026-01-26 00:18:07,829 - INFO - __main__ - poll_stock - Starting stock polling cycle
2026-01-26 00:18:08,431 - INFO - __main__ - poll_stock - Stock cache updated for 0 products
2026-01-26 00:23:05,752 - INFO - __main__ - poll_stock - Starting stock polling cycle
2026-01-26 00:23:06,360 - INFO - __main__ - poll_stock - Stock cache updated for 0 products
2026-01-26 00:23:08,431 - INFO - __main__ - poll_stock - Starting stock polling cycle
2026-01-26 00:23:09,047 - INFO - __main__ - poll_stock - Stock cache updated for 0 products
2026-01-26 00:28:06,360 - INFO - __main__ - poll_stock - Starting stock polling cycle
2026-01-26 00:28:07,010 - INFO - __main__ - poll_stock - Stock cache updated for 0 products
2026-01-26 00:28:09,047 - INFO - __main__ - poll_stock - Starting stock polling cycle
2026-01-26 00:28:09,822 - INFO - __main__ - poll_stock - Stock cache updated for 0 products
2026-01-26 00:33:07,011 - INFO - __main__ - poll_stock - Starting stock polling cycle
2026-01-26 00:33:07,803 - INFO - __main__ - poll_stock - Stock cache updated for 0 products
2026-01-26 00:33:09,822 - INFO - __main__ - poll_stock - Starting stock polling cycle
2026-01-26 00:33:10,434 - INFO - __main__ - poll_stock - Stock cache updated for 0 products
2026-01-26 00:38:07,803 - INFO - __main__ - poll_stock - Starting stock polling cycle
2026-01-26 00:38:08,476 - INFO - __main__ - poll_stock - Stock cache updated for 0 products
2026-01-26 00:38:10,435 - INFO - __main__ - poll_stock - Starting stock polling cycle
2026-01-26 00:38:11,191 - INFO - __main__ - poll_stock - Stock cache updated for 0 products
2026-01-26 00:43:08,476 - INFO - __main__ - poll_stock - Starting stock polling cycle
2026-01-26 00:43:09,043 - INFO - __main__ - poll_stock - Stock cache updated for 0 products
2026-01-26 00:43:11,192 - INFO - __main__ - poll_stock - Starting stock polling cycle
2026-01-26 00:43:12,122 - INFO - __main__ - poll_stock - Stock cache updated for 0 products
2026-01-26 00:48:09,044 - INFO - __main__ - poll_stock - Starting stock polling cycle
2026-01-26 00:48:10,012 - INFO - __main__ - poll_stock - Stock cache updated for 0 products
2026-01-26 00:48:12,122 - INFO - __main__ - poll_stock - Starting stock polling cycle
2026-01-26 00:48:12,794 - INFO - __main__ - poll_stock - Stock cache updated for 0 products
2026-01-26 00:53:10,013 - INFO - __main__ - poll_stock - Starting stock polling cycle
2026-01-26 00:53:10,568 - INFO - __main__ - poll_stock - Stock cache updated for 0 products
2026-01-26 00:53:12,794 - INFO - __main__ - poll_stock - Starting stock polling cycle
2026-01-26 00:53:13,531 - INFO - __main__ - poll_stock - Stock cache updated for 0 products
2026-01-26 00:58:10,569 - INFO - __main__ - poll_stock - Starting stock polling cycle
2026-01-26 00:58:11,311 - INFO - __main__ - poll_stock - Stock cache updated for 0 products
2026-01-26 00:58:13,532 - INFO - __main__ - poll_stock - Starting stock polling cycle
2026-01-26 00:58:14,281 - INFO - __main__ - poll_stock - Stock cache updated for 0 products
2026-01-26 01:03:11,312 - INFO - __main__ - poll_stock - Starting stock polling cycle
2026-01-26 01:03:12,115 - INFO - __main__ - poll_stock - Stock cache updated for 0 products
2026-01-26 01:03:14,281 - INFO - __main__ - poll_stock - Starting stock polling cycle
2026-01-26 01:03:14,941 - INFO - __main__ - poll_stock - Stock cache updated for 0 products
2026-01-26 01:08:12,116 - INFO - __main__ - poll_stock - Starting stock polling cycle
2026-01-26 01:08:12,900 - INFO - __main__ - poll_stock - Stock cache updated for 0 products
2026-01-26 01:08:14,942 - INFO - __main__ - poll_stock - Starting stock polling cycle
2026-01-26 01:08:16,065 - INFO - __main__ - poll_stock - Stock cache updated for 0 products
2026-01-26 01:13:12,901 - INFO - __main__ - poll_stock - Starting stock polling cycle
2026-01-26 01:13:13,551 - INFO - __main__ - poll_stock - Stock cache updated for 0 products
2026-01-26 01:13:16,065 - INFO - __main__ - poll_stock - Starting stock polling cycle
2026-01-26 01:13:16,767 - INFO - __main__ - poll_stock - Stock cache updated for 0 products
2026-01-26 01:18:13,551 - INFO - __main__ - poll_stock - Starting stock polling cycle
2026-01-26 01:18:14,459 - INFO - __main__ - poll_stock - Stock cache updated for 0 products
2026-01-26 01:18:16,768 - INFO - __main__ - poll_stock - Starting stock polling cycle
2026-01-26 01:18:17,442 - INFO - __main__ - poll_stock - Stock cache updated for 0 products
2026-01-26 01:23:14,459 - INFO - __main__ - poll_stock - Starting stock polling cycle
2026-01-26 01:23:15,143 - INFO - __main__ - poll_stock - Stock cache updated for 0 products
2026-01-26 01:23:17,442 - INFO - __main__ - poll_stock - Starting stock polling cycle
2026-01-26 01:23:18,320 - INFO - __main__ - poll_stock - Stock cache updated for 0 products
2026-01-26 01:28:15,145 - INFO - __main__ - poll_stock - Starting stock polling cycle
2026-01-26 01:28:15,810 - INFO - __main__ - poll_stock - Stock cache updated for 0 products
2026-01-26 01:28:18,320 - INFO - __main__ - poll_stock - Starting stock polling cycle
2026-01-26 01:28:19,087 - INFO - __main__ - poll_stock - Stock cache updated for 0 products
2026-01-26 01:33:15,811 - INFO - __main__ - poll_stock - Starting stock polling cycle
2026-01-26 01:33:16,475 - INFO - __main__ - poll_stock - Stock cache updated for 0 products
2026-01-26 01:33:19,088 - INFO - __main__ - poll_stock - Starting stock polling cycle
2026-01-26 01:33:19,749 - INFO - __main__ - poll_stock - Stock cache updated for 0 products
2026-01-26 01:38:16,475 - INFO - __main__ - poll_stock - Starting stock polling cycle
2026-01-26 01:38:17,211 - INFO - __main__ - poll_stock - Stock cache updated for 0 products
2026-01-26 01:38:19,749 - INFO - __main__ - poll_stock - Starting stock polling cycle
2026-01-26 01:38:20,480 - INFO - __main__ - poll_stock - Stock cache updated for 0 products
2026-01-26 01:43:17,212 - INFO - __main__ - poll_stock - Starting stock polling cycle
2026-01-26 01:43:18,071 - INFO - __main__ - poll_stock - Stock cache updated for 0 products
2026-01-26 01:43:20,481 - INFO - __main__ - poll_stock - Starting stock polling cycle
2026-01-26 01:43:21,307 - INFO - __main__ - poll_stock - Stock cache updated for 0 products
2026-01-26 01:48:18,072 - INFO - __main__ - poll_stock - Starting stock polling cycle
2026-01-26 01:48:18,817 - INFO - __main__ - poll_stock - Stock cache updated for 0 products
2026-01-26 01:48:21,308 - INFO - __main__ - poll_stock - Starting stock polling cycle
2026-01-26 01:48:21,994 - INFO - __main__ - poll_stock - Stock cache updated for 0 products
2026-01-26 01:53:18,817 - INFO - __main__ - poll_stock - Starting stock polling cycle
2026-01-26 01:53:19,540 - INFO - __main__ - poll_stock - Stock cache updated for 0 products
2026-01-26 01:53:21,994 - INFO - __main__ - poll_stock - Starting stock polling cycle
2026-01-26 01:53:22,714 - INFO - __main__ - poll_stock - Stock cache updated for 0 products
2026-01-26 01:58:19,540 - INFO - __main__ - poll_stock - Starting stock polling cycle
2026-01-26 01:58:20,052 - INFO - __main__ - poll_stock - Stock cache updated for 0 products
2026-01-26 01:58:22,714 - INFO - __main__ - poll_stock - Starting stock polling cycle
2026-01-26 01:58:23,228 - INFO - __main__ - poll_stock - Stock cache updated for 0 products
2026-01-26 02:03:20,053 - INFO - __main__ - poll_stock - Starting stock polling cycle
2026-01-26 02:03:20,773 - INFO - __main__ - poll_stock - Stock cache updated for 0 products
2026-01-26 02:03:23,229 - INFO - __main__ - poll_stock - Starting stock polling cycle
2026-01-26 02:03:23,995 - INFO - __main__ - poll_stock - Stock cache updated for 0 products
2026-01-26 02:08:20,773 - INFO - __main__ - poll_stock - Starting stock polling cycle
2026-01-26 02:08:21,465 - INFO - __main__ - poll_stock - Stock cache updated for 0 products
2026-01-26 02:08:23,996 - INFO - __main__ - poll_stock - Starting stock polling cycle
2026-01-26 02:08:24,539 - INFO - __main__ - poll_stock - Stock cache updated for 0 products
2026-01-26 02:13:21,465 - INFO - __main__ - poll_stock - Starting stock polling cycle
2026-01-26 02:13:22,239 - INFO - __main__ - poll_stock - Stock cache updated for 0 products
2026-01-26 02:13:24,539 - INFO - __main__ - poll_stock - Starting stock polling cycle
2026-01-26 02:13:25,194 - INFO - __main__ - poll_stock - Stock cache updated for 0 products
2026-01-26 02:18:22,240 - INFO - __main__ - poll_stock - Starting stock polling cycle
2026-01-26 02:18:22,809 - INFO - __main__ - poll_stock - Stock cache updated for 0 products
2026-01-26 02:18:25,195 - INFO - __main__ - poll_stock - Starting stock polling cycle
2026-01-26 02:18:25,885 - INFO - __main__ - poll_stock - Stock cache updated for 0 products
2026-01-26 02:23:22,810 - INFO - __main__ - poll_stock - Starting stock polling cycle
2026-01-26 02:23:23,404 - INFO - __main__ - poll_stock - Stock cache updated for 0 products
2026-01-26 02:23:25,886 - INFO - __main__ - poll_stock - Starting stock polling cycle
2026-01-26 02:23:26,579 - INFO - __main__ - poll_stock - Stock cache updated for 0 products
2026-01-26 02:28:23,405 - INFO - __main__ - poll_stock - Starting stock polling cycle
2026-01-26 02:28:24,182 - INFO - __main__ - poll_stock - Stock cache updated for 0 products
2026-01-26 02:28:26,580 - INFO - __main__ - poll_stock - Starting stock polling cycle
2026-01-26 02:28:27,328 - INFO - __main__ - poll_stock - Stock cache updated for 0 products
2026-01-26 02:33:24,182 - INFO - __main__ - poll_stock - Starting stock polling cycle
2026-01-26 02:33:25,107 - INFO - __main__ - poll_stock - Stock cache updated for 0 products
2026-01-26 02:33:27,328 - INFO - __main__ - poll_stock - Starting stock polling cycle
2026-01-26 02:33:27,976 - INFO - __main__ - poll_stock - Stock cache updated for 0 products
2026-01-26 02:38:25,107 - INFO - __main__ - poll_stock - Starting stock polling cycle
2026-01-26 02:38:25,982 - INFO - __main__ - poll_stock - Stock cache updated for 0 products
2026-01-26 02:38:27,976 - INFO - __main__ - poll_stock - Starting stock polling cycle
2026-01-26 02:38:28,771 - INFO - __main__ - poll_stock - Stock cache updated for 0 products
2026-01-26 02:43:25,982 - INFO - __main__ - poll_stock - Starting stock polling cycle
2026-01-26 02:43:26,537 - INFO - __main__ - poll_stock - Stock cache updated for 0 products
2026-01-26 02:43:28,772 - INFO - __main__ - poll_stock - Starting stock polling cycle
2026-01-26 02:43:29,454 - INFO - __main__ - poll_stock - Stock cache updated for 0 products
2026-01-26 02:48:26,537 - INFO - __main__ - poll_stock - Starting stock polling cycle
2026-01-26 02:48:27,098 - INFO - __main__ - poll_stock - Stock cache updated for 0 products
2026-01-26 02:48:29,455 - INFO - __main__ - poll_stock - Starting stock polling cycle
2026-01-26 02:48:30,006 - INFO - __main__ - poll_stock - Stock cache updated for 0 products
2026-01-26 02:53:27,098 - INFO - __main__ - poll_stock - Starting stock polling cycle
2026-01-26 02:53:27,751 - INFO - __main__ - poll_stock - Stock cache updated for 0 products
2026-01-26 02:53:30,006 - INFO - __main__ - poll_stock - Starting stock polling cycle
2026-01-26 02:53:30,868 - INFO - __main__ - poll_stock - Stock cache updated for 0 products
2026-01-26 02:58:27,752 - INFO - __main__ - poll_stock - Starting stock polling cycle
2026-01-26 02:58:28,403 - INFO - __main__ - poll_stock - Stock cache updated for 0 products
2026-01-26 02:58:30,870 - INFO - __main__ - poll_stock - Starting stock polling cycle
2026-01-26 02:58:31,665 - INFO - __main__ - poll_stock - Stock cache updated for 0 products
2026-01-26 03:03:28,410 - INFO - __main__ - poll_stock - Starting stock polling cycle
2026-01-26 03:03:29,170 - INFO - __main__ - poll_stock - Stock cache updated for 0 products
2026-01-26 03:03:31,666 - INFO - __main__ - poll_stock - Starting stock polling cycle
2026-01-26 03:03:32,374 - INFO - __main__ - poll_stock - Stock cache updated for 0 products
2026-01-26 03:08:29,170 - INFO - __main__ - poll_stock - Starting stock polling cycle
2026-01-26 03:08:29,937 - INFO - __main__ - poll_stock - Stock cache updated for 0 products
2026-01-26 03:08:32,375 - INFO - __main__ - poll_stock - Starting stock polling cycle
2026-01-26 03:08:32,909 - INFO - __main__ - poll_stock - Stock cache updated for 0 products
2026-01-26 03:13:29,937 - INFO - __main__ - poll_stock - Starting stock polling cycle
2026-01-26 03:13:30,492 - INFO - __main__ - poll_stock - Stock cache updated for 0 products
2026-01-26 03:13:32,909 - INFO - __main__ - poll_stock - Starting stock polling cycle
2026-01-26 03:13:33,760 - INFO - __main__ - poll_stock - Stock cache updated for 0 products
2026-01-26 03:18:30,493 - INFO - __main__ - poll_stock - Starting stock polling cycle
2026-01-26 03:18:31,154 - INFO - __main__ - poll_stock - Stock cache updated for 0 products
2026-01-26 03:18:33,761 - INFO - __main__ - poll_stock - Starting stock polling cycle
2026-01-26 03:18:34,492 - INFO - __main__ - poll_stock - Stock cache updated for 0 products
2026-01-26 03:23:31,155 - INFO - __main__ - poll_stock - Starting stock polling cycle
2026-01-26 03:23:32,005 - INFO - __main__ - poll_stock - Stock cache updated for 0 products
2026-01-26 03:23:34,492 - INFO - __main__ - poll_stock - Starting stock polling cycle
2026-01-26 03:23:35,380 - INFO - __main__ - poll_stock - Stock cache updated for 0 products
2026-01-26 03:28:32,006 - INFO - __main__ - poll_stock - Starting stock polling cycle
2026-01-26 03:28:32,837 - INFO - __main__ - poll_stock - Stock cache updated for 0 products
2026-01-26 03:28:35,381 - INFO - __main__ - poll_stock - Starting stock polling cycle
2026-01-26 03:28:36,366 - INFO - __main__ - poll_stock - Stock cache updated for 0 products
2026-01-26 03:33:32,837 - INFO - __main__ - poll_stock - Starting stock polling cycle
2026-01-26 03:33:33,499 - INFO - __main__ - poll_stock - Stock cache updated for 0 products
2026-01-26 03:33:36,367 - INFO - __main__ - poll_stock - Starting stock polling cycle
2026-01-26 03:33:37,149 - INFO - __main__ - poll_stock - Stock cache updated for 0 products
2026-01-26 03:38:33,500 - INFO - __main__ - poll_stock - Starting stock polling cycle
2026-01-26 03:38:34,119 - INFO - __main__ - poll_stock - Stock cache updated for 0 products
2026-01-26 03:38:37,149 - INFO - __main__ - poll_stock - Starting stock polling cycle
2026-01-26 03:38:37,806 - INFO - __main__ - poll_stock - Stock cache updated for 0 products
2026-01-26 03:43:34,119 - INFO - __main__ - poll_stock - Starting stock polling cycle
2026-01-26 03:43:34,825 - INFO - __main__ - poll_stock - Stock cache updated for 0 products
2026-01-26 03:43:37,807 - INFO - __main__ - poll_stock - Starting stock polling cycle
2026-01-26 03:43:38,460 - INFO - __main__ - poll_stock - Stock cache updated for 0 products
2026-01-26 03:48:34,826 - INFO - __main__ - poll_stock - Starting stock polling cycle
2026-01-26 03:48:35,772 - INFO - __main__ - poll_stock - Stock cache updated for 0 products
2026-01-26 03:48:38,460 - INFO - __main__ - poll_stock - Starting stock polling cycle
2026-01-26 03:48:39,259 - INFO - __main__ - poll_stock - Stock cache updated for 0 products
2026-01-26 03:53:35,773 - INFO - __main__ - poll_stock - Starting stock polling cycle
2026-01-26 03:53:36,475 - INFO - __main__ - poll_stock - Stock cache updated for 0 products
2026-01-26 03:53:39,260 - INFO - __main__ - poll_stock - Starting stock polling cycle
2026-01-26 03:53:39,990 - INFO - __main__ - poll_stock - Stock cache updated for 0 products
2026-01-26 03:58:36,477 - INFO - __main__ - poll_stock - Starting stock polling cycle
2026-01-26 03:58:37,130 - INFO - __main__ - poll_stock - Stock cache updated for 0 products
2026-01-26 03:58:39,991 - INFO - __main__ - poll_stock - Starting stock polling cycle
2026-01-26 03:58:40,733 - INFO - __main__ - poll_stock - Stock cache updated for 0 products
2026-01-26 04:03:37,130 - INFO - __main__ - poll_stock - Starting stock polling cycle
2026-01-26 04:03:37,890 - INFO - __main__ - poll_stock - Stock cache updated for 0 products
2026-01-26 04:03:40,734 - INFO - __main__ - poll_stock - Starting stock polling cycle
2026-01-26 04:03:41,233 - INFO - __main__ - poll_stock - Stock cache updated for 0 products
2026-01-26 04:08:37,890 - INFO - __main__ - poll_stock - Starting stock polling cycle
2026-01-26 04:08:38,491 - INFO - __main__ - poll_stock - Stock cache updated for 0 products
2026-01-26 04:08:41,233 - INFO - __main__ - poll_stock - Starting stock polling cycle
2026-01-26 04:08:41,785 - INFO - __main__ - poll_stock - Stock cache updated for 0 products
2026-01-26 04:13:38,492 - INFO - __main__ - poll_stock - Starting stock polling cycle
2026-01-26 04:13:39,256 - INFO - __main__ - poll_stock - Stock cache updated for 0 products
2026-01-26 04:13:41,785 - INFO - __main__ - poll_stock - Starting stock polling cycle
2026-01-26 04:13:42,496 - INFO - __main__ - poll_stock - Stock cache updated for 0 products
2026-01-26 04:18:39,257 - INFO - __main__ - poll_stock - Starting stock polling cycle
2026-01-26 04:18:39,940 - INFO - __main__ - poll_stock - Stock cache updated for 0 products
2026-01-26 04:18:42,496 - INFO - __main__ - poll_stock - Starting stock polling cycle
2026-01-26 04:18:43,206 - INFO - __main__ - poll_stock - Stock cache updated for 0 products
2026-01-26 04:23:39,940 - INFO - __main__ - poll_stock - Starting stock polling cycle
2026-01-26 04:23:40,446 - INFO - __main__ - poll_stock - Stock cache updated for 0 products
2026-01-26 04:23:43,207 - INFO - __main__ - poll_stock - Starting stock polling cycle
2026-01-26 04:23:43,788 - INFO - __main__ - poll_stock - Stock cache updated for 0 products
2026-01-26 04:28:40,447 - INFO - __main__ - poll_stock - Starting stock polling cycle
2026-01-26 04:28:41,129 - INFO - __main__ - poll_stock - Stock cache updated for 0 products
2026-01-26 04:28:43,788 - INFO - __main__ - poll_stock - Starting stock polling cycle
2026-01-26 04:28:44,475 - INFO - __main__ - poll_stock - Stock cache updated for 0 products
2026-01-26 04:33:41,129 - INFO - __main__ - poll_stock - Starting stock polling cycle
2026-01-26 04:33:41,900 - INFO - __main__ - poll_stock - Stock cache updated for 0 products
2026-01-26 04:33:44,475 - INFO - __main__ - poll_stock - Starting stock polling cycle
2026-01-26 04:33:45,076 - INFO - __main__ - poll_stock - Stock cache updated for 0 products
2026-01-26 04:38:41,901 - INFO - __main__ - poll_stock - Starting stock polling cycle
2026-01-26 04:38:42,592 - INFO - __main__ - poll_stock - Stock cache updated for 0 products
2026-01-26 04:38:45,077 - INFO - __main__ - poll_stock - Starting stock polling cycle
2026-01-26 04:38:45,768 - INFO - __main__ - poll_stock - Stock cache updated for 0 products
2026-01-26 04:43:42,592 - INFO - __main__ - poll_stock - Starting stock polling cycle
2026-01-26 04:43:43,266 - INFO - __main__ - poll_stock - Stock cache updated for 0 products
2026-01-26 04:43:45,768 - INFO - __main__ - poll_stock - Starting stock polling cycle
2026-01-26 04:43:46,433 - INFO - __main__ - poll_stock - Stock cache updated for 0 products
2026-01-26 04:48:43,266 - INFO - __main__ - poll_stock - Starting stock polling cycle
2026-01-26 04:48:43,925 - INFO - __main__ - poll_stock - Stock cache updated for 0 products
2026-01-26 04:48:46,433 - INFO - __main__ - poll_stock - Starting stock polling cycle
2026-01-26 04:48:47,205 - INFO - __main__ - poll_stock - Stock cache updated for 0 products
2026-01-26 04:53:43,926 - INFO - __main__ - poll_stock - Starting stock polling cycle
2026-01-26 04:53:44,741 - INFO - __main__ - poll_stock - Stock cache updated for 0 products
2026-01-26 04:53:47,206 - INFO - __main__ - poll_stock - Starting stock polling cycle
2026-01-26 04:53:47,871 - INFO - __main__ - poll_stock - Stock cache updated for 0 products
2026-01-26 04:58:44,741 - INFO - __main__ - poll_stock - Starting stock polling cycle
2026-01-26 04:58:45,388 - INFO - __main__ - poll_stock - Stock cache updated for 0 products
2026-01-26 04:58:47,871 - INFO - __main__ - poll_stock - Starting stock polling cycle
2026-01-26 04:58:48,463 - INFO - __main__ - poll_stock - Stock cache updated for 0 products
2026-01-26 05:03:45,389 - INFO - __main__ - poll_stock - Starting stock polling cycle
2026-01-26 05:03:46,067 - INFO - __main__ - poll_stock - Stock cache updated for 0 products
2026-01-26 05:03:48,464 - INFO - __main__ - poll_stock - Starting stock polling cycle
2026-01-26 05:03:48,982 - INFO - __main__ - poll_stock - Stock cache updated for 0 products
2026-01-26 05:08:46,067 - INFO - __main__ - poll_stock - Starting stock polling cycle
2026-01-26 05:08:46,641 - INFO - __main__ - poll_stock - Stock cache updated for 0 products
2026-01-26 05:08:48,983 - INFO - __main__ - poll_stock - Starting stock polling cycle
2026-01-26 05:08:49,628 - INFO - __main__ - poll_stock - Stock cache updated for 0 products
2026-01-26 05:13:46,641 - INFO - __main__ - poll_stock - Starting stock polling cycle
2026-01-26 05:13:47,261 - INFO - __main__ - poll_stock - Stock cache updated for 0 products
2026-01-26 05:13:49,629 - INFO - __main__ - poll_stock - Starting stock polling cycle
2026-01-26 05:13:50,342 - INFO - __main__ - poll_stock - Stock cache updated for 0 products
2026-01-26 05:18:47,261 - INFO - __main__ - poll_stock - Starting stock polling cycle
2026-01-26 05:18:48,008 - INFO - __main__ - poll_stock - Stock cache updated for 0 products
2026-01-26 05:18:50,343 - INFO - __main__ - poll_stock - Starting stock polling cycle
2026-01-26 05:18:50,882 - INFO - __main__ - poll_stock - Stock cache updated for 0 products
2026-01-26 05:23:48,009 - INFO - __main__ - poll_stock - Starting stock polling cycle
2026-01-26 05:23:48,610 - INFO - __main__ - poll_stock - Stock cache updated for 0 products
2026-01-26 05:23:50,882 - INFO - __main__ - poll_stock - Starting stock polling cycle
2026-01-26 05:23:51,585 - INFO - __main__ - poll_stock - Stock cache updated for 0 products
2026-01-26 05:28:48,611 - INFO - __main__ - poll_stock - Starting stock polling cycle
2026-01-26 05:28:49,300 - INFO - __main__ - poll_stock - Stock cache updated for 0 products
2026-01-26 05:28:51,586 - INFO - __main__ - poll_stock - Starting stock polling cycle
2026-01-26 05:28:52,483 - INFO - __main__ - poll_stock - Stock cache updated for 0 products
2026-01-26 05:33:49,301 - INFO - __main__ - poll_stock - Starting stock polling cycle
2026-01-26 05:33:50,178 - INFO - __main__ - poll_stock - Stock cache updated for 0 products
2026-01-26 05:33:52,483 - INFO - __main__ - poll_stock - Starting stock polling cycle
2026-01-26 05:33:53,112 - INFO - __main__ - poll_stock - Stock cache updated for 0 products
2026-01-26 05:38:50,178 - INFO - __main__ - poll_stock - Starting stock polling cycle
2026-01-26 05:38:50,817 - INFO - __main__ - poll_stock - Stock cache updated for 0 products
2026-01-26 05:38:53,113 - INFO - __main__ - poll_stock - Starting stock polling cycle
2026-01-26 05:38:53,745 - INFO - __main__ - poll_stock - Stock cache updated for 0 products
2026-01-26 05:43:50,817 - INFO - __main__ - poll_stock - Starting stock polling cycle
2026-01-26 05:43:51,493 - INFO - __main__ - poll_stock - Stock cache updated for 0 products
2026-01-26 05:43:53,745 - INFO - __main__ - poll_stock - Starting stock polling cycle
2026-01-26 05:43:54,345 - INFO - __main__ - poll_stock - Stock cache updated for 0 products
2026-01-26 05:48:51,493 - INFO - __main__ - poll_stock - Starting stock polling cycle
2026-01-26 05:48:52,257 - INFO - __main__ - poll_stock - Stock cache updated for 0 products
2026-01-26 05:48:54,346 - INFO - __main__ - poll_stock - Starting stock polling cycle
2026-01-26 05:48:54,862 - INFO - __main__ - poll_stock - Stock cache updated for 0 products
2026-01-26 05:53:52,258 - INFO - __main__ - poll_stock - Starting stock polling cycle
2026-01-26 05:53:53,143 - INFO - __main__ - poll_stock - Stock cache updated for 0 products
2026-01-26 05:53:54,863 - INFO - __main__ - poll_stock - Starting stock polling cycle
2026-01-26 05:53:55,514 - INFO - __main__ - poll_stock - Stock cache updated for 0 products
2026-01-26 05:58:53,144 - INFO - __main__ - poll_stock - Starting stock polling cycle
2026-01-26 05:58:53,799 - INFO - __main__ - poll_stock - Stock cache updated for 0 products
2026-01-26 05:58:55,514 - INFO - __main__ - poll_stock - Starting stock polling cycle
2026-01-26 05:58:56,033 - INFO - __main__ - poll_stock - Stock cache updated for 0 products
2026-01-26 06:03:53,802 - INFO - __main__ - poll_stock - Starting stock polling cycle
2026-01-26 06:03:54,455 - INFO - __main__ - poll_stock - Stock cache updated for 0 products
2026-01-26 06:03:56,033 - INFO - __main__ - poll_stock - Starting stock polling cycle
2026-01-26 06:03:56,858 - INFO - __main__ - poll_stock - Stock cache updated for 0 products
2026-01-26 06:08:54,456 - INFO - __main__ - poll_stock - Starting stock polling cycle
2026-01-26 06:08:55,131 - INFO - __main__ - poll_stock - Stock cache updated for 0 products
2026-01-26 06:08:56,859 - INFO - __main__ - poll_stock - Starting stock polling cycle
2026-01-26 06:08:57,392 - INFO - __main__ - poll_stock - Stock cache updated for 0 products
2026-01-26 06:13:55,132 - INFO - __main__ - poll_stock - Starting stock polling cycle
2026-01-26 06:13:55,810 - INFO - __main__ - poll_stock - Stock cache updated for 0 products
2026-01-26 06:13:57,392 - INFO - __main__ - poll_stock - Starting stock polling cycle
2026-01-26 06:13:58,371 - INFO - __main__ - poll_stock - Stock cache updated for 0 products
2026-01-26 06:18:55,813 - INFO - __main__ - poll_stock - Starting stock polling cycle
2026-01-26 06:18:56,425 - INFO - __main__ - poll_stock - Stock cache updated for 0 products
2026-01-26 06:18:58,372 - INFO - __main__ - poll_stock - Starting stock polling cycle
2026-01-26 06:18:58,914 - INFO - __main__ - poll_stock - Stock cache updated for 0 products
2026-01-26 06:23:56,428 - INFO - __main__ - poll_stock - Starting stock polling cycle
2026-01-26 06:23:57,072 - INFO - __main__ - poll_stock - Stock cache updated for 0 products
2026-01-26 06:23:58,914 - INFO - __main__ - poll_stock - Starting stock polling cycle
2026-01-26 06:23:59,707 - INFO - __main__ - poll_stock - Stock cache updated for 0 products
2026-01-26 06:28:57,073 - INFO - __main__ - poll_stock - Starting stock polling cycle
2026-01-26 06:28:57,742 - INFO - __main__ - poll_stock - Stock cache updated for 0 products
2026-01-26 06:28:59,707 - INFO - __main__ - poll_stock - Starting stock polling cycle
2026-01-26 06:29:00,404 - INFO - __main__ - poll_stock - Stock cache updated for 0 products
2026-01-26 06:33:57,743 - INFO - __main__ - poll_stock - Starting stock polling cycle
2026-01-26 06:33:58,442 - INFO - __main__ - poll_stock - Stock cache updated for 0 products
2026-01-26 06:34:00,405 - INFO - __main__ - poll_stock - Starting stock polling cycle
2026-01-26 06:34:01,101 - INFO - __main__ - poll_stock - Stock cache updated for 0 products
2026-01-26 06:38:58,443 - INFO - __main__ - poll_stock - Starting stock polling cycle
2026-01-26 06:38:59,151 - INFO - __main__ - poll_stock - Stock cache updated for 0 products
2026-01-26 06:39:01,128 - INFO - __main__ - poll_stock - Starting stock polling cycle
2026-01-26 06:39:01,710 - INFO - __main__ - poll_stock - Stock cache updated for 0 products
2026-01-26 06:43:59,152 - INFO - __main__ - poll_stock - Starting stock polling cycle
2026-01-26 06:43:59,791 - INFO - __main__ - poll_stock - Stock cache updated for 0 products
2026-01-26 06:44:01,711 - INFO - __main__ - poll_stock - Starting stock polling cycle
2026-01-26 06:44:02,456 - INFO - __main__ - poll_stock - Stock cache updated for 0 products
2026-01-26 06:48:59,792 - INFO - __main__ - poll_stock - Starting stock polling cycle
2026-01-26 06:49:00,475 - INFO - __main__ - poll_stock - Stock cache updated for 0 products
2026-01-26 06:49:02,457 - INFO - __main__ - poll_stock - Starting stock polling cycle
2026-01-26 06:49:03,182 - INFO - __main__ - poll_stock - Stock cache updated for 0 products
2026-01-26 06:54:00,475 - INFO - __main__ - poll_stock - Starting stock polling cycle
2026-01-26 06:54:01,087 - INFO - __main__ - poll_stock - Stock cache updated for 0 products
2026-01-26 06:54:03,183 - INFO - __main__ - poll_stock - Starting stock polling cycle
2026-01-26 06:54:03,715 - INFO - __main__ - poll_stock - Stock cache updated for 0 products
2026-01-26 06:59:01,087 - INFO - __main__ - poll_stock - Starting stock polling cycle
2026-01-26 06:59:01,780 - INFO - __main__ - poll_stock - Stock cache updated for 0 products
2026-01-26 06:59:03,719 - INFO - __main__ - poll_stock - Starting stock polling cycle
2026-01-26 06:59:04,475 - INFO - __main__ - poll_stock - Stock cache updated for 0 products
2026-01-26 07:04:01,781 - INFO - __main__ - poll_stock - Starting stock polling cycle
2026-01-26 07:04:02,405 - INFO - __main__ - poll_stock - Stock cache updated for 0 products
2026-01-26 07:04:04,475 - INFO - __main__ - poll_stock - Starting stock polling cycle
2026-01-26 07:04:05,122 - INFO - __main__ - poll_stock - Stock cache updated for 0 products
2026-01-26 07:09:02,435 - INFO - __main__ - poll_stock - Starting stock polling cycle
2026-01-26 07:09:03,169 - INFO - __main__ - poll_stock - Stock cache updated for 0 products
2026-01-26 07:09:05,123 - INFO - __main__ - poll_stock - Starting stock polling cycle
2026-01-26 07:09:05,684 - INFO - __main__ - poll_stock - Stock cache updated for 0 products
2026-01-26 07:14:03,170 - INFO - __main__ - poll_stock - Starting stock polling cycle
2026-01-26 07:14:03,785 - INFO - __main__ - poll_stock - Stock cache updated for 0 products
2026-01-26 07:14:05,685 - INFO - __main__ - poll_stock - Starting stock polling cycle
2026-01-26 07:14:06,373 - INFO - __main__ - poll_stock - Stock cache updated for 0 products
2026-01-26 07:19:03,785 - INFO - __main__ - poll_stock - Starting stock polling cycle
2026-01-26 07:19:04,401 - INFO - __main__ - poll_stock - Stock cache updated for 0 products
2026-01-26 07:19:06,374 - INFO - __main__ - poll_stock - Starting stock polling cycle
2026-01-26 07:19:06,896 - INFO - __main__ - poll_stock - Stock cache updated for 0 products
2026-01-26 07:24:04,402 - INFO - __main__ - poll_stock - Starting stock polling cycle
2026-01-26 07:24:05,126 - INFO - __main__ - poll_stock - Stock cache updated for 0 products
2026-01-26 07:24:06,896 - INFO - __main__ - poll_stock - Starting stock polling cycle
2026-01-26 07:24:07,595 - INFO - __main__ - poll_stock - Stock cache updated for 0 products
2026-01-26 07:29:05,126 - INFO - __main__ - poll_stock - Starting stock polling cycle
2026-01-26 07:29:05,922 - INFO - __main__ - poll_stock - Stock cache updated for 0 products
2026-01-26 07:29:07,601 - INFO - __main__ - poll_stock - Starting stock polling cycle
2026-01-26 07:29:08,358 - INFO - __main__ - poll_stock - Stock cache updated for 0 products
2026-01-26 07:34:05,952 - INFO - __main__ - poll_stock - Starting stock polling cycle
2026-01-26 07:34:06,505 - INFO - __main__ - poll_stock - Stock cache updated for 0 products
2026-01-26 07:34:08,359 - INFO - __main__ - poll_stock - Starting stock polling cycle
2026-01-26 07:34:08,930 - INFO - __main__ - poll_stock - Stock cache updated for 0 products
2026-01-26 07:39:06,505 - INFO - __main__ - poll_stock - Starting stock polling cycle
2026-01-26 07:39:07,244 - INFO - __main__ - poll_stock - Stock cache updated for 0 products
2026-01-26 07:39:08,930 - INFO - __main__ - poll_stock - Starting stock polling cycle
2026-01-26 07:39:09,464 - INFO - __main__ - poll_stock - Stock cache updated for 0 products
2026-01-26 07:44:07,245 - INFO - __main__ - poll_stock - Starting stock polling cycle
2026-01-26 07:44:07,931 - INFO - __main__ - poll_stock - Stock cache updated for 0 products
2026-01-26 07:44:09,465 - INFO - __main__ - poll_stock - Starting stock polling cycle
2026-01-26 07:44:10,133 - INFO - __main__ - poll_stock - Stock cache updated for 0 products
2026-01-26 07:49:07,932 - INFO - __main__ - poll_stock - Starting stock polling cycle
2026-01-26 07:49:08,501 - INFO - __main__ - poll_stock - Stock cache updated for 0 products
2026-01-26 07:49:10,134 - INFO - __main__ - poll_stock - Starting stock polling cycle
2026-01-26 07:49:10,828 - INFO - __main__ - poll_stock - Stock cache updated for 0 products
2026-01-26 07:54:08,501 - INFO - __main__ - poll_stock - Starting stock polling cycle
2026-01-26 07:54:09,187 - INFO - __main__ - poll_stock - Stock cache updated for 0 products
2026-01-26 07:54:10,829 - INFO - __main__ - poll_stock - Starting stock polling cycle
2026-01-26 07:54:11,410 - INFO - __main__ - poll_stock - Stock cache updated for 0 products
2026-01-26 07:59:09,188 - INFO - __main__ - poll_stock - Starting stock polling cycle
2026-01-26 07:59:09,778 - INFO - __main__ - poll_stock - Stock cache updated for 0 products
2026-01-26 07:59:11,410 - INFO - __main__ - poll_stock - Starting stock polling cycle
2026-01-26 07:59:12,338 - INFO - __main__ - poll_stock - Stock cache updated for 0 products
2026-01-26 08:04:09,779 - INFO - __main__ - poll_stock - Starting stock polling cycle
2026-01-26 08:04:10,461 - INFO - __main__ - poll_stock - Stock cache updated for 0 products
2026-01-26 08:04:12,339 - INFO - __main__ - poll_stock - Starting stock polling cycle
2026-01-26 08:04:12,937 - INFO - __main__ - poll_stock - Stock cache updated for 0 products
2026-01-26 08:09:10,461 - INFO - __main__ - poll_stock - Starting stock polling cycle
2026-01-26 08:09:11,111 - INFO - __main__ - poll_stock - Stock cache updated for 0 products
2026-01-26 08:09:12,937 - INFO - __main__ - poll_stock - Starting stock polling cycle
2026-01-26 08:09:13,462 - INFO - __main__ - poll_stock - Stock cache updated for 0 products
2026-01-26 08:14:11,111 - INFO - __main__ - poll_stock - Starting stock polling cycle
2026-01-26 08:14:11,972 - INFO - __main__ - poll_stock - Stock cache updated for 0 products
2026-01-26 08:14:13,463 - INFO - __main__ - poll_stock - Starting stock polling cycle
2026-01-26 08:14:14,332 - INFO - __main__ - poll_stock - Stock cache updated for 0 products
2026-01-26 08:19:11,973 - INFO - __main__ - poll_stock - Starting stock polling cycle
2026-01-26 08:19:12,683 - INFO - __main__ - poll_stock - Stock cache updated for 0 products
2026-01-26 08:19:14,332 - INFO - __main__ - poll_stock - Starting stock polling cycle
2026-01-26 08:19:14,856 - INFO - __main__ - poll_stock - Stock cache updated for 0 products
2026-01-26 08:24:12,683 - INFO - __main__ - poll_stock - Starting stock polling cycle
2026-01-26 08:24:13,274 - INFO - __main__ - poll_stock - Stock cache updated for 0 products
2026-01-26 08:24:14,857 - INFO - __main__ - poll_stock - Starting stock polling cycle
2026-01-26 08:24:15,678 - INFO - __main__ - poll_stock - Stock cache updated for 0 products
2026-01-26 08:29:13,275 - INFO - __main__ - poll_stock - Starting stock polling cycle
2026-01-26 08:29:14,099 - INFO - __main__ - poll_stock - Stock cache updated for 0 products
2026-01-26 08:29:15,679 - INFO - __main__ - poll_stock - Starting stock polling cycle
2026-01-26 08:29:16,474 - INFO - __main__ - poll_stock - Stock cache updated for 0 products
2026-01-26 08:34:14,100 - INFO - __main__ - poll_stock - Starting stock polling cycle
2026-01-26 08:34:14,742 - INFO - __main__ - poll_stock - Stock cache updated for 0 products
2026-01-26 08:34:16,474 - INFO - __main__ - poll_stock - Starting stock polling cycle
2026-01-26 08:34:17,127 - INFO - __main__ - poll_stock - Stock cache updated for 0 products
2026-01-26 08:39:14,778 - INFO - __main__ - poll_stock - Starting stock polling cycle
2026-01-26 08:39:15,350 - INFO - __main__ - poll_stock - Stock cache updated for 0 products
2026-01-26 08:39:17,128 - INFO - __main__ - poll_stock - Starting stock polling cycle
2026-01-26 08:39:17,867 - INFO - __main__ - poll_stock - Stock cache updated for 0 products
2026-01-26 08:44:15,350 - INFO - __main__ - poll_stock - Starting stock polling cycle
2026-01-26 08:44:16,124 - INFO - __main__ - poll_stock - Stock cache updated for 0 products
2026-01-26 08:44:17,867 - INFO - __main__ - poll_stock - Starting stock polling cycle
2026-01-26 08:44:18,409 - INFO - __main__ - poll_stock - Stock cache updated for 0 products
2026-01-26 08:49:16,125 - INFO - __main__ - poll_stock - Starting stock polling cycle
2026-01-26 08:49:16,873 - INFO - __main__ - poll_stock - Stock cache updated for 0 products
2026-01-26 08:49:18,410 - INFO - __main__ - poll_stock - Starting stock polling cycle
2026-01-26 08:49:19,131 - INFO - __main__ - poll_stock - Stock cache updated for 0 products
2026-01-26 08:54:16,875 - INFO - __main__ - poll_stock - Starting stock polling cycle
2026-01-26 08:54:17,807 - INFO - __main__ - poll_stock - Stock cache updated for 0 products
2026-01-26 08:54:19,132 - INFO - __main__ - poll_stock - Starting stock polling cycle
2026-01-26 08:54:20,087 - INFO - __main__ - poll_stock - Stock cache updated for 0 products
2026-01-26 08:59:17,807 - INFO - __main__ - poll_stock - Starting stock polling cycle
2026-01-26 08:59:18,417 - INFO - __main__ - poll_stock - Stock cache updated for 0 products
2026-01-26 08:59:20,088 - INFO - __main__ - poll_stock - Starting stock polling cycle
2026-01-26 08:59:20,734 - INFO - __main__ - poll_stock - Stock cache updated for 0 products
2026-01-26 09:04:18,417 - INFO - __main__ - poll_stock - Starting stock polling cycle
2026-01-26 09:04:19,048 - INFO - __main__ - poll_stock - Stock cache updated for 0 products
2026-01-26 09:04:20,735 - INFO - __main__ - poll_stock - Starting stock polling cycle
2026-01-26 09:04:21,467 - INFO - __main__ - poll_stock - Stock cache updated for 0 products
2026-01-26 09:09:19,049 - INFO - __main__ - poll_stock - Starting stock polling cycle
2026-01-26 09:09:19,810 - INFO - __main__ - poll_stock - Stock cache updated for 0 products
2026-01-26 09:09:21,467 - INFO - __main__ - poll_stock - Starting stock polling cycle
2026-01-26 09:09:22,024 - INFO - __main__ - poll_stock - Stock cache updated for 0 products
2026-01-26 09:14:19,811 - INFO - __main__ - poll_stock - Starting stock polling cycle
2026-01-26 09:14:20,498 - INFO - __main__ - poll_stock - Stock cache updated for 0 products
2026-01-26 09:14:22,024 - INFO - __main__ - poll_stock - Starting stock polling cycle
2026-01-26 09:14:22,560 - INFO - __main__ - poll_stock - Stock cache updated for 0 products
2026-01-26 09:19:20,500 - INFO - __main__ - poll_stock - Starting stock polling cycle
2026-01-26 09:19:21,169 - INFO - __main__ - poll_stock - Stock cache updated for 0 products
2026-01-26 09:19:22,562 - INFO - __main__ - poll_stock - Starting stock polling cycle
2026-01-26 09:19:23,212 - INFO - __main__ - poll_stock - Stock cache updated for 0 products
2026-01-26 09:24:21,170 - INFO - __main__ - poll_stock - Starting stock polling cycle
2026-01-26 09:24:21,825 - INFO - __main__ - poll_stock - Stock cache updated for 0 products
2026-01-26 09:24:23,213 - INFO - __main__ - poll_stock - Starting stock polling cycle
2026-01-26 09:24:23,732 - INFO - __main__ - poll_stock - Stock cache updated for 0 products
2026-01-26 09:29:21,825 - INFO - __main__ - poll_stock - Starting stock polling cycle
2026-01-26 09:29:22,497 - INFO - __main__ - poll_stock - Stock cache updated for 0 products
2026-01-26 09:29:23,732 - INFO - __main__ - poll_stock - Starting stock polling cycle
2026-01-26 09:29:24,267 - INFO - __main__ - poll_stock - Stock cache updated for 0 products
2026-01-26 09:34:22,497 - INFO - __main__ - poll_stock - Starting stock polling cycle
2026-01-26 09:34:23,148 - INFO - __main__ - poll_stock - Stock cache updated for 0 products
2026-01-26 09:34:24,268 - INFO - __main__ - poll_stock - Starting stock polling cycle
2026-01-26 09:34:25,110 - INFO - __main__ - poll_stock - Stock cache updated for 0 products
2026-01-26 09:39:23,148 - INFO - __main__ - poll_stock - Starting stock polling cycle
2026-01-26 09:39:23,642 - INFO - __main__ - poll_stock - Stock cache updated for 0 products
2026-01-26 09:39:25,110 - INFO - __main__ - poll_stock - Starting stock polling cycle
2026-01-26 09:39:25,764 - INFO - __main__ - poll_stock - Stock cache updated for 0 products
2026-01-26 09:44:23,642 - INFO - __main__ - poll_stock - Starting stock polling cycle
2026-01-26 09:44:24,189 - INFO - __main__ - poll_stock - Stock cache updated for 0 products
2026-01-26 09:44:25,765 - INFO - __main__ - poll_stock - Starting stock polling cycle
2026-01-26 09:44:26,499 - INFO - __main__ - poll_stock - Stock cache updated for 0 products
2026-01-26 09:49:24,189 - INFO - __main__ - poll_stock - Starting stock polling cycle
2026-01-26 09:49:24,888 - INFO - __main__ - poll_stock - Stock cache updated for 0 products
2026-01-26 09:49:26,499 - INFO - __main__ - poll_stock - Starting stock polling cycle
2026-01-26 09:49:27,556 - INFO - __main__ - poll_stock - Stock cache updated for 0 products
2026-01-26 09:54:24,889 - INFO - __main__ - poll_stock - Starting stock polling cycle
2026-01-26 09:54:25,431 - INFO - __main__ - poll_stock - Stock cache updated for 0 products
2026-01-26 09:54:27,557 - INFO - __main__ - poll_stock - Starting stock polling cycle
2026-01-26 09:54:28,248 - INFO - __main__ - poll_stock - Stock cache updated for 0 products
2026-01-26 09:59:25,432 - INFO - __main__ - poll_stock - Starting stock polling cycle
2026-01-26 09:59:26,018 - INFO - __main__ - poll_stock - Stock cache updated for 0 products
2026-01-26 09:59:28,248 - INFO - __main__ - poll_stock - Starting stock polling cycle
2026-01-26 09:59:28,757 - INFO - __main__ - poll_stock - Stock cache updated for 0 products
2026-01-26 10:04:26,019 - INFO - __main__ - poll_stock - Starting stock polling cycle
2026-01-26 10:04:26,535 - INFO - __main__ - poll_stock - Stock cache updated for 0 products
2026-01-26 10:04:28,758 - INFO - __main__ - poll_stock - Starting stock polling cycle
2026-01-26 10:04:29,472 - INFO - __main__ - poll_stock - Stock cache updated for 0 products
2026-01-26 10:09:26,536 - INFO - __main__ - poll_stock - Starting stock polling cycle
2026-01-26 10:09:27,393 - INFO - __main__ - poll_stock - Stock cache updated for 0 products
2026-01-26 10:09:29,473 - INFO - __main__ - poll_stock - Starting stock polling cycle
2026-01-26 10:09:30,370 - INFO - __main__ - poll_stock - Stock cache updated for 0 products
2026-01-26 10:14:27,394 - INFO - __main__ - poll_stock - Starting stock polling cycle
2026-01-26 10:14:27,947 - INFO - __main__ - poll_stock - Stock cache updated for 0 products
2026-01-26 10:14:30,371 - INFO - __main__ - poll_stock - Starting stock polling cycle
2026-01-26 10:14:30,888 - INFO - __main__ - poll_stock - Stock cache updated for 0 products
2026-01-26 10:19:27,947 - INFO - __main__ - poll_stock - Starting stock polling cycle
2026-01-26 10:19:28,688 - INFO - __main__ - poll_stock - Stock cache updated for 0 products
2026-01-26 10:19:30,888 - INFO - __main__ - poll_stock - Starting stock polling cycle
2026-01-26 10:19:31,568 - INFO - __main__ - poll_stock - Stock cache updated for 0 products
2026-01-26 10:24:28,688 - INFO - __main__ - poll_stock - Starting stock polling cycle
2026-01-26 10:24:29,219 - INFO - __main__ - poll_stock - Stock cache updated for 0 products
2026-01-26 10:24:31,569 - INFO - __main__ - poll_stock - Starting stock polling cycle
2026-01-26 10:24:32,328 - INFO - __main__ - poll_stock - Stock cache updated for 0 products
2026-01-26 10:29:29,219 - INFO - __main__ - poll_stock - Starting stock polling cycle
2026-01-26 10:29:29,758 - INFO - __main__ - poll_stock - Stock cache updated for 0 products
2026-01-26 10:29:32,329 - INFO - __main__ - poll_stock - Starting stock polling cycle
2026-01-26 10:29:32,880 - INFO - __main__ - poll_stock - Stock cache updated for 0 products
2026-01-26 10:34:29,758 - INFO - __main__ - poll_stock - Starting stock polling cycle
2026-01-26 10:34:30,286 - INFO - __main__ - poll_stock - Stock cache updated for 0 products
2026-01-26 10:34:32,881 - INFO - __main__ - poll_stock - Starting stock polling cycle
2026-01-26 10:34:33,627 - INFO - __main__ - poll_stock - Stock cache updated for 0 products
2026-01-26 10:39:30,286 - INFO - __main__ - poll_stock - Starting stock polling cycle
2026-01-26 10:39:31,095 - INFO - __main__ - poll_stock - Stock cache updated for 0 products
2026-01-26 10:39:33,628 - INFO - __main__ - poll_stock - Starting stock polling cycle
2026-01-26 10:39:34,270 - INFO - __main__ - poll_stock - Stock cache updated for 0 products
2026-01-26 10:44:31,096 - INFO - __main__ - poll_stock - Starting stock polling cycle
2026-01-26 10:44:31,745 - INFO - __main__ - poll_stock - Stock cache updated for 0 products
2026-01-26 10:44:34,271 - INFO - __main__ - poll_stock - Starting stock polling cycle
2026-01-26 10:44:35,219 - INFO - __main__ - poll_stock - Stock cache updated for 0 products
2026-01-26 10:49:31,746 - INFO - __main__ - poll_stock - Starting stock polling cycle
2026-01-26 10:49:32,382 - INFO - __main__ - poll_stock - Stock cache updated for 0 products
2026-01-26 10:49:35,220 - INFO - __main__ - poll_stock - Starting stock polling cycle
2026-01-26 10:49:35,860 - INFO - __main__ - poll_stock - Stock cache updated for 0 products
2026-01-26 10:54:32,382 - INFO - __main__ - poll_stock - Starting stock polling cycle
2026-01-26 10:54:33,081 - INFO - __main__ - poll_stock - Stock cache updated for 0 products
2026-01-26 10:54:35,861 - INFO - __main__ - poll_stock - Starting stock polling cycle
2026-01-26 10:54:36,519 - INFO - __main__ - poll_stock - Stock cache updated for 0 products
2026-01-26 10:59:33,082 - INFO - __main__ - poll_stock - Starting stock polling cycle
2026-01-26 10:59:33,916 - INFO - __main__ - poll_stock - Stock cache updated for 0 products
2026-01-26 10:59:36,520 - INFO - __main__ - poll_stock - Starting stock polling cycle
2026-01-26 10:59:37,145 - INFO - __main__ - poll_stock - Stock cache updated for 0 products
2026-01-26 11:04:33,917 - INFO - __main__ - poll_stock - Starting stock polling cycle
2026-01-26 11:04:34,491 - INFO - __main__ - poll_stock - Stock cache updated for 0 products
2026-01-26 11:04:37,146 - INFO - __main__ - poll_stock - Starting stock polling cycle
2026-01-26 11:04:37,795 - INFO - __main__ - poll_stock - Stock cache updated for 0 products
2026-01-26 11:09:34,492 - INFO - __main__ - poll_stock - Starting stock polling cycle
2026-01-26 11:09:35,137 - INFO - __main__ - poll_stock - Stock cache updated for 0 products
2026-01-26 11:09:37,796 - INFO - __main__ - poll_stock - Starting stock polling cycle
2026-01-26 11:09:38,428 - INFO - __main__ - poll_stock - Stock cache updated for 0 products
2026-01-26 11:14:35,138 - INFO - __main__ - poll_stock - Starting stock polling cycle
2026-01-26 11:14:35,696 - INFO - __main__ - poll_stock - Stock cache updated for 0 products
2026-01-26 11:14:38,428 - INFO - __main__ - poll_stock - Starting stock polling cycle
2026-01-26 11:14:38,973 - INFO - __main__ - poll_stock - Stock cache updated for 0 products
2026-01-26 11:19:35,696 - INFO - __main__ - poll_stock - Starting stock polling cycle
2026-01-26 11:19:36,339 - INFO - __main__ - poll_stock - Stock cache updated for 0 products
2026-01-26 11:19:38,974 - INFO - __main__ - poll_stock - Starting stock polling cycle
2026-01-26 11:19:39,617 - INFO - __main__ - poll_stock - Stock cache updated for 0 products
2026-01-26 11:24:36,340 - INFO - __main__ - poll_stock - Starting stock polling cycle
2026-01-26 11:24:37,186 - INFO - __main__ - poll_stock - Stock cache updated for 0 products
2026-01-26 11:24:39,618 - INFO - __main__ - poll_stock - Starting stock polling cycle
2026-01-26 11:24:40,260 - INFO - __main__ - poll_stock - Stock cache updated for 0 products
2026-01-26 11:29:37,187 - INFO - __main__ - poll_stock - Starting stock polling cycle
2026-01-26 11:29:37,829 - INFO - __main__ - poll_stock - Stock cache updated for 0 products
2026-01-26 11:29:40,260 - INFO - __main__ - poll_stock - Starting stock polling cycle
2026-01-26 11:29:40,757 - INFO - __main__ - poll_stock - Stock cache updated for 0 products
2026-01-26 11:34:37,829 - INFO - __main__ - poll_stock - Starting stock polling cycle
2026-01-26 11:34:38,348 - INFO - __main__ - poll_stock - Stock cache updated for 0 products
2026-01-26 11:34:40,757 - INFO - __main__ - poll_stock - Starting stock polling cycle
2026-01-26 11:34:41,748 - INFO - __main__ - poll_stock - Stock cache updated for 0 products
2026-01-26 11:39:38,349 - INFO - __main__ - poll_stock - Starting stock polling cycle
2026-01-26 11:39:39,080 - INFO - __main__ - poll_stock - Stock cache updated for 0 products
2026-01-26 11:39:41,748 - INFO - __main__ - poll_stock - Starting stock polling cycle
2026-01-26 11:39:42,252 - INFO - __main__ - poll_stock - Stock cache updated for 0 products
2026-01-26 11:44:39,081 - INFO - __main__ - poll_stock - Starting stock polling cycle
2026-01-26 11:44:39,652 - INFO - __main__ - poll_stock - Stock cache updated for 0 products
2026-01-26 11:44:42,252 - INFO - __main__ - poll_stock - Starting stock polling cycle
2026-01-26 11:44:47,505 - INFO - __main__ - poll_stock - Stock cache updated for 0 products
2026-01-26 11:49:39,652 - INFO - __main__ - poll_stock - Starting stock polling cycle
2026-01-26 11:49:40,393 - INFO - __main__ - poll_stock - Stock cache updated for 0 products
2026-01-26 11:49:47,506 - INFO - __main__ - poll_stock - Starting stock polling cycle
2026-01-26 11:49:48,378 - INFO - __main__ - poll_stock - Stock cache updated for 0 products
2026-01-26 11:54:40,393 - INFO - __main__ - poll_stock - Starting stock polling cycle
2026-01-26 11:54:40,908 - INFO - __main__ - poll_stock - Stock cache updated for 0 products
2026-01-26 11:54:48,378 - INFO - __main__ - poll_stock - Starting stock polling cycle
2026-01-26 11:54:49,136 - INFO - __main__ - poll_stock - Stock cache updated for 0 products
2026-01-26 11:59:40,909 - INFO - __main__ - poll_stock - Starting stock polling cycle
2026-01-26 11:59:41,598 - INFO - __main__ - poll_stock - Stock cache updated for 0 products
2026-01-26 11:59:49,137 - INFO - __main__ - poll_stock - Starting stock polling cycle
2026-01-26 11:59:49,991 - INFO - __main__ - poll_stock - Stock cache updated for 0 products
2026-01-26 12:04:41,599 - INFO - __main__ - poll_stock - Starting stock polling cycle
2026-01-26 12:04:42,120 - INFO - __main__ - poll_stock - Stock cache updated for 0 products
2026-01-26 12:04:49,991 - INFO - __main__ - poll_stock - Starting stock polling cycle
2026-01-26 12:04:50,064 - ERROR - __main__ - poll_stock - Error polling stock: ('Connection aborted.', ConnectionResetError(104, 'Connection reset by peer'))
Traceback (most recent call last):
  File "/usr/lib/python3/dist-packages/urllib3/connectionpool.py", line 787, in urlopen
    response = self._make_request(
        conn,
    ...<10 lines>...
        **response_kw,
    )
  File "/usr/lib/python3/dist-packages/urllib3/connectionpool.py", line 534, in _make_request
    response = conn.getresponse()
  File "/usr/lib/python3/dist-packages/urllib3/connection.py", line 565, in getresponse
    httplib_response = super().getresponse()
  File "/usr/lib/python3.13/http/client.py", line 1430, in getresponse
    response.begin()
    ~~~~~~~~~~~~~~^^
  File "/usr/lib/python3.13/http/client.py", line 331, in begin
    version, status, reason = self._read_status()
                              ~~~~~~~~~~~~~~~~~^^
  File "/usr/lib/python3.13/http/client.py", line 292, in _read_status
    line = str(self.fp.readline(_MAXLINE + 1), "iso-8859-1")
               ~~~~~~~~~~~~~~~~^^^^^^^^^^^^^^
  File "/usr/lib/python3.13/socket.py", line 719, in readinto
    return self._sock.recv_into(b)
           ~~~~~~~~~~~~~~~~~~~~^^^
  File "/usr/lib/python3.13/ssl.py", line 1304, in recv_into
    return self.read(nbytes, buffer)
           ~~~~~~~~~^^^^^^^^^^^^^^^^
  File "/usr/lib/python3.13/ssl.py", line 1138, in read
    return self._sslobj.read(len, buffer)
           ~~~~~~~~~~~~~~~~~^^^^^^^^^^^^^
ConnectionResetError: [Errno 104] Connection reset by peer

During handling of the above exception, another exception occurred:

Traceback (most recent call last):
  File "/usr/lib/python3/dist-packages/requests/adapters.py", line 667, in send
    resp = conn.urlopen(
        method=request.method,
    ...<9 lines>...
        chunked=chunked,
    )
  File "/usr/lib/python3/dist-packages/urllib3/connectionpool.py", line 841, in urlopen
    retries = retries.increment(
        method, url, error=new_e, _pool=self, _stacktrace=sys.exc_info()[2]
    )
  File "/usr/lib/python3/dist-packages/urllib3/util/retry.py", line 474, in increment
    raise reraise(type(error), error, _stacktrace)
          ~~~~~~~^^^^^^^^^^^^^^^^^^^^^^^^^^^^^^^^^
  File "/usr/lib/python3/dist-packages/urllib3/util/util.py", line 38, in reraise
    raise value.with_traceback(tb)
  File "/usr/lib/python3/dist-packages/urllib3/connectionpool.py", line 787, in urlopen
    response = self._make_request(
        conn,
    ...<10 lines>...
        **response_kw,
    )
  File "/usr/lib/python3/dist-packages/urllib3/connectionpool.py", line 534, in _make_request
    response = conn.getresponse()
  File "/usr/lib/python3/dist-packages/urllib3/connection.py", line 565, in getresponse
    httplib_response = super().getresponse()
  File "/usr/lib/python3.13/http/client.py", line 1430, in getresponse
    response.begin()
    ~~~~~~~~~~~~~~^^
  File "/usr/lib/python3.13/http/client.py", line 331, in begin
    version, status, reason = self._read_status()
                              ~~~~~~~~~~~~~~~~~^^
  File "/usr/lib/python3.13/http/client.py", line 292, in _read_status
    line = str(self.fp.readline(_MAXLINE + 1), "iso-8859-1")
               ~~~~~~~~~~~~~~~~^^^^^^^^^^^^^^
  File "/usr/lib/python3.13/socket.py", line 719, in readinto
    return self._sock.recv_into(b)
           ~~~~~~~~~~~~~~~~~~~~^^^
  File "/usr/lib/python3.13/ssl.py", line 1304, in recv_into
    return self.read(nbytes, buffer)
           ~~~~~~~~~^^^^^^^^^^^^^^^^
  File "/usr/lib/python3.13/ssl.py", line 1138, in read
    return self._sslobj.read(len, buffer)
           ~~~~~~~~~~~~~~~~~^^^^^^^^^^^^^
urllib3.exceptions.ProtocolError: ('Connection aborted.', ConnectionResetError(104, 'Connection reset by peer'))

During handling of the above exception, another exception occurred:

Traceback (most recent call last):
  File "/home/aundrae/Documents/Owner_Workshop/Customers_Assets/Backend/shop_app.py", line 71, in poll_stock
    products_response = api.get_products()
  File "/home/aundrae/Documents/Owner_Workshop/Customers_Assets/Backend/printful_client.py", line 64, in get_products
    return self._get("/v2/catalog-products", params=params)
           ~~~~~~~~~^^^^^^^^^^^^^^^^^^^^^^^^^^^^^^^^^^^^^^^
  File "/home/aundrae/Documents/Owner_Workshop/Customers_Assets/Backend/printful_client.py", line 32, in _get
    response = self.session.get(url, params=params)
  File "/usr/lib/python3/dist-packages/requests/sessions.py", line 602, in get
    return self.request("GET", url, **kwargs)
           ~~~~~~~~~~~~^^^^^^^^^^^^^^^^^^^^^^
  File "/usr/lib/python3/dist-packages/requests/sessions.py", line 589, in request
    resp = self.send(prep, **send_kwargs)
  File "/usr/lib/python3/dist-packages/requests/sessions.py", line 703, in send
    r = adapter.send(request, **kwargs)
  File "/usr/lib/python3/dist-packages/requests/adapters.py", line 682, in send
    raise ConnectionError(err, request=request)
requests.exceptions.ConnectionError: ('Connection aborted.', ConnectionResetError(104, 'Connection reset by peer'))
2026-01-26 12:09:42,121 - INFO - __main__ - poll_stock - Starting stock polling cycle
2026-01-26 12:09:42,806 - INFO - __main__ - poll_stock - Stock cache updated for 0 products
2026-01-26 12:09:50,110 - INFO - __main__ - poll_stock - Starting stock polling cycle
2026-01-26 12:09:51,437 - INFO - __main__ - poll_stock - Stock cache updated for 0 products
2026-01-26 12:14:42,807 - INFO - __main__ - poll_stock - Starting stock polling cycle
2026-01-26 12:14:43,829 - INFO - __main__ - poll_stock - Stock cache updated for 0 products
2026-01-26 12:14:51,438 - INFO - __main__ - poll_stock - Starting stock polling cycle
2026-01-26 12:14:52,268 - INFO - __main__ - poll_stock - Stock cache updated for 0 products
2026-01-26 12:19:43,829 - INFO - __main__ - poll_stock - Starting stock polling cycle
2026-01-26 12:19:44,475 - INFO - __main__ - poll_stock - Stock cache updated for 0 products
2026-01-26 12:19:52,268 - INFO - __main__ - poll_stock - Starting stock polling cycle
2026-01-26 12:19:53,177 - INFO - __main__ - poll_stock - Stock cache updated for 0 products
2026-01-26 12:24:44,476 - INFO - __main__ - poll_stock - Starting stock polling cycle
2026-01-26 12:24:45,384 - INFO - __main__ - poll_stock - Stock cache updated for 0 products
2026-01-26 12:24:53,178 - INFO - __main__ - poll_stock - Starting stock polling cycle
2026-01-26 12:24:53,982 - INFO - __main__ - poll_stock - Stock cache updated for 0 products
2026-01-26 12:29:45,385 - INFO - __main__ - poll_stock - Starting stock polling cycle
2026-01-26 12:29:46,241 - INFO - __main__ - poll_stock - Stock cache updated for 0 products
2026-01-26 12:29:53,983 - INFO - __main__ - poll_stock - Starting stock polling cycle
2026-01-26 12:29:54,845 - INFO - __main__ - poll_stock - Stock cache updated for 0 products
2026-01-26 12:34:46,241 - INFO - __main__ - poll_stock - Starting stock polling cycle
2026-01-26 12:34:47,106 - INFO - __main__ - poll_stock - Stock cache updated for 0 products
2026-01-26 12:34:54,845 - INFO - __main__ - poll_stock - Starting stock polling cycle
2026-01-26 12:34:55,375 - INFO - __main__ - poll_stock - Stock cache updated for 0 products
2026-01-26 12:39:47,107 - INFO - __main__ - poll_stock - Starting stock polling cycle
2026-01-26 12:39:47,761 - INFO - __main__ - poll_stock - Stock cache updated for 0 products
2026-01-26 12:39:55,375 - INFO - __main__ - poll_stock - Starting stock polling cycle
2026-01-26 12:39:56,155 - INFO - __main__ - poll_stock - Stock cache updated for 0 products
2026-01-26 12:44:47,761 - INFO - __main__ - poll_stock - Starting stock polling cycle
2026-01-26 12:44:48,474 - INFO - __main__ - poll_stock - Stock cache updated for 0 products
2026-01-26 12:44:56,156 - INFO - __main__ - poll_stock - Starting stock polling cycle
2026-01-26 12:44:56,812 - INFO - __main__ - poll_stock - Stock cache updated for 0 products
2026-01-26 12:49:48,474 - INFO - __main__ - poll_stock - Starting stock polling cycle
2026-01-26 12:49:49,169 - INFO - __main__ - poll_stock - Stock cache updated for 0 products
2026-01-26 12:49:56,812 - INFO - __main__ - poll_stock - Starting stock polling cycle
2026-01-26 12:49:57,467 - INFO - __main__ - poll_stock - Stock cache updated for 0 products
2026-01-26 12:54:49,170 - INFO - __main__ - poll_stock - Starting stock polling cycle
2026-01-26 12:54:49,679 - INFO - __main__ - poll_stock - Stock cache updated for 0 products
2026-01-26 12:54:57,468 - INFO - __main__ - poll_stock - Starting stock polling cycle
2026-01-26 12:54:58,018 - INFO - __main__ - poll_stock - Stock cache updated for 0 products
2026-01-26 12:59:49,679 - INFO - __main__ - poll_stock - Starting stock polling cycle
2026-01-26 12:59:50,321 - INFO - __main__ - poll_stock - Stock cache updated for 0 products
2026-01-26 12:59:58,018 - INFO - __main__ - poll_stock - Starting stock polling cycle
2026-01-26 12:59:58,754 - INFO - __main__ - poll_stock - Stock cache updated for 0 products
2026-01-26 13:04:50,322 - INFO - __main__ - poll_stock - Starting stock polling cycle
2026-01-26 13:04:51,148 - INFO - __main__ - poll_stock - Stock cache updated for 0 products
2026-01-26 13:04:58,754 - INFO - __main__ - poll_stock - Starting stock polling cycle
2026-01-26 13:04:59,447 - INFO - __main__ - poll_stock - Stock cache updated for 0 products
2026-01-26 13:09:51,149 - INFO - __main__ - poll_stock - Starting stock polling cycle
2026-01-26 13:09:51,821 - INFO - __main__ - poll_stock - Stock cache updated for 0 products
2026-01-26 13:09:59,447 - INFO - __main__ - poll_stock - Starting stock polling cycle
2026-01-26 13:10:00,005 - INFO - __main__ - poll_stock - Stock cache updated for 0 products
2026-01-26 13:14:51,821 - INFO - __main__ - poll_stock - Starting stock polling cycle
2026-01-26 13:14:52,472 - INFO - __main__ - poll_stock - Stock cache updated for 0 products
2026-01-26 13:15:00,005 - INFO - __main__ - poll_stock - Starting stock polling cycle
2026-01-26 13:15:00,844 - INFO - __main__ - poll_stock - Stock cache updated for 0 products
2026-01-26 13:19:52,473 - INFO - __main__ - poll_stock - Starting stock polling cycle
2026-01-26 13:19:53,412 - INFO - __main__ - poll_stock - Stock cache updated for 0 products
2026-01-26 13:20:00,845 - INFO - __main__ - poll_stock - Starting stock polling cycle
2026-01-26 13:20:01,705 - INFO - __main__ - poll_stock - Stock cache updated for 0 products
2026-01-26 13:24:53,413 - INFO - __main__ - poll_stock - Starting stock polling cycle
2026-01-26 13:24:53,966 - INFO - __main__ - poll_stock - Stock cache updated for 0 products
2026-01-26 13:25:01,705 - INFO - __main__ - poll_stock - Starting stock polling cycle
2026-01-26 13:25:02,473 - INFO - __main__ - poll_stock - Stock cache updated for 0 products
2026-01-26 13:29:53,966 - INFO - __main__ - poll_stock - Starting stock polling cycle
2026-01-26 13:29:54,654 - INFO - __main__ - poll_stock - Stock cache updated for 0 products
2026-01-26 13:30:02,475 - INFO - __main__ - poll_stock - Starting stock polling cycle
2026-01-26 13:30:03,525 - INFO - __main__ - poll_stock - Stock cache updated for 0 products
2026-01-26 13:34:54,654 - INFO - __main__ - poll_stock - Starting stock polling cycle
2026-01-26 13:34:55,140 - INFO - __main__ - poll_stock - Stock cache updated for 0 products
2026-01-26 13:35:03,526 - INFO - __main__ - poll_stock - Starting stock polling cycle
2026-01-26 13:35:04,163 - INFO - __main__ - poll_stock - Stock cache updated for 0 products
2026-01-26 13:39:55,140 - INFO - __main__ - poll_stock - Starting stock polling cycle
2026-01-26 13:39:55,795 - INFO - __main__ - poll_stock - Stock cache updated for 0 products
2026-01-26 13:40:04,164 - INFO - __main__ - poll_stock - Starting stock polling cycle
2026-01-26 13:40:04,745 - INFO - __main__ - poll_stock - Stock cache updated for 0 products
2026-01-26 13:44:55,796 - INFO - __main__ - poll_stock - Starting stock polling cycle
2026-01-26 13:44:56,304 - INFO - __main__ - poll_stock - Stock cache updated for 0 products
2026-01-26 13:45:04,745 - INFO - __main__ - poll_stock - Starting stock polling cycle
2026-01-26 13:45:05,496 - INFO - __main__ - poll_stock - Stock cache updated for 0 products
2026-01-26 13:49:56,304 - INFO - __main__ - poll_stock - Starting stock polling cycle
2026-01-26 13:49:56,829 - INFO - __main__ - poll_stock - Stock cache updated for 0 products
2026-01-26 13:50:05,496 - INFO - __main__ - poll_stock - Starting stock polling cycle
2026-01-26 13:50:06,061 - INFO - __main__ - poll_stock - Stock cache updated for 0 products
2026-01-26 13:54:56,830 - INFO - __main__ - poll_stock - Starting stock polling cycle
2026-01-26 13:54:57,486 - INFO - __main__ - poll_stock - Stock cache updated for 0 products
2026-01-26 13:55:06,064 - INFO - __main__ - poll_stock - Starting stock polling cycle
2026-01-26 13:55:06,797 - INFO - __main__ - poll_stock - Stock cache updated for 0 products
2026-01-26 13:59:57,486 - INFO - __main__ - poll_stock - Starting stock polling cycle
2026-01-26 13:59:58,111 - INFO - __main__ - poll_stock - Stock cache updated for 0 products
2026-01-26 14:00:06,798 - INFO - __main__ - poll_stock - Starting stock polling cycle
2026-01-26 14:00:07,386 - INFO - __main__ - poll_stock - Stock cache updated for 0 products
2026-01-26 14:04:58,111 - INFO - __main__ - poll_stock - Starting stock polling cycle
2026-01-26 14:04:58,847 - INFO - __main__ - poll_stock - Stock cache updated for 0 products
2026-01-26 14:05:07,387 - INFO - __main__ - poll_stock - Starting stock polling cycle
2026-01-26 14:05:08,063 - INFO - __main__ - poll_stock - Stock cache updated for 0 products
2026-01-26 14:09:58,847 - INFO - __main__ - poll_stock - Starting stock polling cycle
2026-01-26 14:09:59,521 - INFO - __main__ - poll_stock - Stock cache updated for 0 products
2026-01-26 14:10:08,064 - INFO - __main__ - poll_stock - Starting stock polling cycle
2026-01-26 14:10:08,794 - INFO - __main__ - poll_stock - Stock cache updated for 0 products
2026-01-26 14:14:59,522 - INFO - __main__ - poll_stock - Starting stock polling cycle
2026-01-26 14:15:00,351 - INFO - __main__ - poll_stock - Stock cache updated for 0 products
2026-01-26 14:15:08,795 - INFO - __main__ - poll_stock - Starting stock polling cycle
2026-01-26 14:15:09,366 - INFO - __main__ - poll_stock - Stock cache updated for 0 products
2026-01-26 14:20:00,352 - INFO - __main__ - poll_stock - Starting stock polling cycle
2026-01-26 14:20:01,060 - INFO - __main__ - poll_stock - Stock cache updated for 0 products
2026-01-26 14:20:09,366 - INFO - __main__ - poll_stock - Starting stock polling cycle
2026-01-26 14:20:10,058 - INFO - __main__ - poll_stock - Stock cache updated for 0 products
2026-01-26 14:25:01,061 - INFO - __main__ - poll_stock - Starting stock polling cycle
2026-01-26 14:25:01,700 - INFO - __main__ - poll_stock - Stock cache updated for 0 products
2026-01-26 14:25:10,058 - INFO - __main__ - poll_stock - Starting stock polling cycle
2026-01-26 14:25:10,732 - INFO - __main__ - poll_stock - Stock cache updated for 0 products
2026-01-26 14:30:01,700 - INFO - __main__ - poll_stock - Starting stock polling cycle
2026-01-26 14:30:02,348 - INFO - __main__ - poll_stock - Stock cache updated for 0 products
2026-01-26 14:30:10,738 - INFO - __main__ - poll_stock - Starting stock polling cycle
2026-01-26 14:30:11,402 - INFO - __main__ - poll_stock - Stock cache updated for 0 products
2026-01-26 14:35:02,348 - INFO - __main__ - poll_stock - Starting stock polling cycle
2026-01-26 14:35:03,044 - INFO - __main__ - poll_stock - Stock cache updated for 0 products
2026-01-26 14:35:11,402 - INFO - __main__ - poll_stock - Starting stock polling cycle
2026-01-26 14:35:12,370 - INFO - __main__ - poll_stock - Stock cache updated for 0 products
2026-01-26 14:40:03,072 - INFO - __main__ - poll_stock - Starting stock polling cycle
2026-01-26 14:40:03,701 - INFO - __main__ - poll_stock - Stock cache updated for 0 products
2026-01-26 14:40:12,370 - INFO - __main__ - poll_stock - Starting stock polling cycle
2026-01-26 14:40:13,072 - INFO - __main__ - poll_stock - Stock cache updated for 0 products
2026-01-26 14:45:03,702 - INFO - __main__ - poll_stock - Starting stock polling cycle
2026-01-26 14:45:04,420 - INFO - __main__ - poll_stock - Stock cache updated for 0 products
2026-01-26 14:45:13,072 - INFO - __main__ - poll_stock - Starting stock polling cycle
2026-01-26 14:45:14,028 - INFO - __main__ - poll_stock - Stock cache updated for 0 products
2026-01-26 14:50:04,420 - INFO - __main__ - poll_stock - Starting stock polling cycle
2026-01-26 14:50:04,974 - INFO - __main__ - poll_stock - Stock cache updated for 0 products
2026-01-26 14:50:14,029 - INFO - __main__ - poll_stock - Starting stock polling cycle
2026-01-26 14:50:14,633 - INFO - __main__ - poll_stock - Stock cache updated for 0 products
2026-01-26 14:55:05,002 - INFO - __main__ - poll_stock - Starting stock polling cycle
2026-01-26 14:55:05,558 - INFO - __main__ - poll_stock - Stock cache updated for 0 products
2026-01-26 14:55:14,634 - INFO - __main__ - poll_stock - Starting stock polling cycle
2026-01-26 14:55:15,175 - INFO - __main__ - poll_stock - Stock cache updated for 0 products
2026-01-26 15:00:05,559 - INFO - __main__ - poll_stock - Starting stock polling cycle
2026-01-26 15:00:06,393 - INFO - __main__ - poll_stock - Stock cache updated for 0 products
2026-01-26 15:00:15,176 - INFO - __main__ - poll_stock - Starting stock polling cycle
2026-01-26 15:00:16,256 - INFO - __main__ - poll_stock - Stock cache updated for 0 products
2026-01-26 15:05:06,394 - INFO - __main__ - poll_stock - Starting stock polling cycle
2026-01-26 15:05:07,196 - INFO - __main__ - poll_stock - Stock cache updated for 0 products
2026-01-26 15:05:16,257 - INFO - __main__ - poll_stock - Starting stock polling cycle
2026-01-26 15:05:16,926 - INFO - __main__ - poll_stock - Stock cache updated for 0 products
2026-01-26 15:10:07,196 - INFO - __main__ - poll_stock - Starting stock polling cycle
2026-01-26 15:10:07,815 - INFO - __main__ - poll_stock - Stock cache updated for 0 products
2026-01-26 15:10:16,926 - INFO - __main__ - poll_stock - Starting stock polling cycle
2026-01-26 15:10:17,533 - INFO - __main__ - poll_stock - Stock cache updated for 0 products
2026-01-26 15:15:07,816 - INFO - __main__ - poll_stock - Starting stock polling cycle
2026-01-26 15:15:08,478 - INFO - __main__ - poll_stock - Stock cache updated for 0 products
2026-01-26 15:15:17,534 - INFO - __main__ - poll_stock - Starting stock polling cycle
2026-01-26 15:15:18,244 - INFO - __main__ - poll_stock - Stock cache updated for 0 products
2026-01-26 15:20:08,478 - INFO - __main__ - poll_stock - Starting stock polling cycle
2026-01-26 15:20:09,074 - INFO - __main__ - poll_stock - Stock cache updated for 0 products
2026-01-26 15:20:18,245 - INFO - __main__ - poll_stock - Starting stock polling cycle
2026-01-26 15:20:19,149 - INFO - __main__ - poll_stock - Stock cache updated for 0 products
2026-01-26 15:25:09,074 - INFO - __main__ - poll_stock - Starting stock polling cycle
2026-01-26 15:25:09,739 - INFO - __main__ - poll_stock - Stock cache updated for 0 products
2026-01-26 15:25:19,149 - INFO - __main__ - poll_stock - Starting stock polling cycle
2026-01-26 15:25:20,074 - INFO - __main__ - poll_stock - Stock cache updated for 0 products
2026-01-26 15:30:09,739 - INFO - __main__ - poll_stock - Starting stock polling cycle
2026-01-26 15:30:10,498 - INFO - __main__ - poll_stock - Stock cache updated for 0 products
2026-01-26 15:30:20,075 - INFO - __main__ - poll_stock - Starting stock polling cycle
2026-01-26 15:30:20,843 - INFO - __main__ - poll_stock - Stock cache updated for 0 products
2026-01-26 15:35:10,498 - INFO - __main__ - poll_stock - Starting stock polling cycle
2026-01-26 15:35:11,214 - INFO - __main__ - poll_stock - Stock cache updated for 0 products
2026-01-26 15:35:20,844 - INFO - __main__ - poll_stock - Starting stock polling cycle
2026-01-26 15:35:21,530 - INFO - __main__ - poll_stock - Stock cache updated for 0 products
2026-01-26 15:40:11,215 - INFO - __main__ - poll_stock - Starting stock polling cycle
2026-01-26 15:40:11,754 - INFO - __main__ - poll_stock - Stock cache updated for 0 products
2026-01-26 15:40:21,531 - INFO - __main__ - poll_stock - Starting stock polling cycle
2026-01-26 15:40:22,456 - INFO - __main__ - poll_stock - Stock cache updated for 0 products
2026-01-26 15:45:11,755 - INFO - __main__ - poll_stock - Starting stock polling cycle
2026-01-26 15:45:12,479 - INFO - __main__ - poll_stock - Stock cache updated for 0 products
2026-01-26 15:45:22,456 - INFO - __main__ - poll_stock - Starting stock polling cycle
2026-01-26 15:45:23,131 - INFO - __main__ - poll_stock - Stock cache updated for 0 products
2026-01-26 15:50:12,479 - INFO - __main__ - poll_stock - Starting stock polling cycle
2026-01-26 15:50:13,353 - INFO - __main__ - poll_stock - Stock cache updated for 0 products
2026-01-26 15:50:23,133 - INFO - __main__ - poll_stock - Starting stock polling cycle
2026-01-26 15:50:23,770 - INFO - __main__ - poll_stock - Stock cache updated for 0 products
2026-01-26 15:55:13,353 - INFO - __main__ - poll_stock - Starting stock polling cycle
2026-01-26 15:55:14,370 - INFO - __main__ - poll_stock - Stock cache updated for 0 products
2026-01-26 15:55:23,770 - INFO - __main__ - poll_stock - Starting stock polling cycle
2026-01-26 15:55:24,250 - INFO - __main__ - poll_stock - Stock cache updated for 0 products
2026-01-26 16:00:14,371 - INFO - __main__ - poll_stock - Starting stock polling cycle
2026-01-26 16:00:14,992 - INFO - __main__ - poll_stock - Stock cache updated for 0 products
2026-01-26 16:00:24,251 - INFO - __main__ - poll_stock - Starting stock polling cycle
2026-01-26 16:00:24,826 - INFO - __main__ - poll_stock - Stock cache updated for 0 products
2026-01-26 16:05:14,993 - INFO - __main__ - poll_stock - Starting stock polling cycle
2026-01-26 16:05:15,807 - INFO - __main__ - poll_stock - Stock cache updated for 0 products
2026-01-26 16:05:24,827 - INFO - __main__ - poll_stock - Starting stock polling cycle
2026-01-26 16:05:25,697 - INFO - __main__ - poll_stock - Stock cache updated for 0 products
2026-01-26 16:10:15,807 - INFO - __main__ - poll_stock - Starting stock polling cycle
2026-01-26 16:10:16,548 - INFO - __main__ - poll_stock - Stock cache updated for 0 products
2026-01-26 16:10:25,698 - INFO - __main__ - poll_stock - Starting stock polling cycle
2026-01-26 16:10:26,456 - INFO - __main__ - poll_stock - Stock cache updated for 0 products
2026-01-26 16:15:16,574 - INFO - __main__ - poll_stock - Starting stock polling cycle
2026-01-26 16:15:17,473 - INFO - __main__ - poll_stock - Stock cache updated for 0 products
2026-01-26 16:15:26,457 - INFO - __main__ - poll_stock - Starting stock polling cycle
2026-01-26 16:15:27,101 - INFO - __main__ - poll_stock - Stock cache updated for 0 products
2026-01-26 16:20:17,473 - INFO - __main__ - poll_stock - Starting stock polling cycle
2026-01-26 16:20:18,110 - INFO - __main__ - poll_stock - Stock cache updated for 0 products
2026-01-26 16:20:27,101 - INFO - __main__ - poll_stock - Starting stock polling cycle
2026-01-26 16:20:27,736 - INFO - __main__ - poll_stock - Stock cache updated for 0 products
2026-01-26 16:25:18,111 - INFO - __main__ - poll_stock - Starting stock polling cycle
2026-01-26 16:25:18,755 - INFO - __main__ - poll_stock - Stock cache updated for 0 products
2026-01-26 16:25:27,736 - INFO - __main__ - poll_stock - Starting stock polling cycle
2026-01-26 16:25:28,483 - INFO - __main__ - poll_stock - Stock cache updated for 0 products
2026-01-26 16:30:18,755 - INFO - __main__ - poll_stock - Starting stock polling cycle
2026-01-26 16:30:19,603 - INFO - __main__ - poll_stock - Stock cache updated for 0 products
2026-01-26 16:30:28,483 - INFO - __main__ - poll_stock - Starting stock polling cycle
2026-01-26 16:30:29,331 - INFO - __main__ - poll_stock - Stock cache updated for 0 products
2026-01-26 16:35:19,603 - INFO - __main__ - poll_stock - Starting stock polling cycle
2026-01-26 16:35:20,252 - INFO - __main__ - poll_stock - Stock cache updated for 0 products
2026-01-26 16:35:29,332 - INFO - __main__ - poll_stock - Starting stock polling cycle
2026-01-26 16:35:29,877 - INFO - __main__ - poll_stock - Stock cache updated for 0 products
2026-01-26 16:40:20,252 - INFO - __main__ - poll_stock - Starting stock polling cycle
2026-01-26 16:40:20,802 - INFO - __main__ - poll_stock - Stock cache updated for 0 products
2026-01-26 16:40:29,877 - INFO - __main__ - poll_stock - Starting stock polling cycle
2026-01-26 16:40:30,460 - INFO - __main__ - poll_stock - Stock cache updated for 0 products
2026-01-26 16:45:20,803 - INFO - __main__ - poll_stock - Starting stock polling cycle
2026-01-26 16:45:21,428 - INFO - __main__ - poll_stock - Stock cache updated for 0 products
2026-01-26 16:45:30,461 - INFO - __main__ - poll_stock - Starting stock polling cycle
2026-01-26 16:45:31,383 - INFO - __main__ - poll_stock - Stock cache updated for 0 products
2026-01-26 16:50:21,428 - INFO - __main__ - poll_stock - Starting stock polling cycle
2026-01-26 16:50:21,955 - INFO - __main__ - poll_stock - Stock cache updated for 0 products
2026-01-26 16:50:31,383 - INFO - __main__ - poll_stock - Starting stock polling cycle
2026-01-26 16:50:31,944 - INFO - __main__ - poll_stock - Stock cache updated for 0 products
2026-01-26 16:55:21,956 - INFO - __main__ - poll_stock - Starting stock polling cycle
2026-01-26 16:55:22,567 - INFO - __main__ - poll_stock - Stock cache updated for 0 products
2026-01-26 16:55:31,945 - INFO - __main__ - poll_stock - Starting stock polling cycle
2026-01-26 16:55:32,489 - INFO - __main__ - poll_stock - Stock cache updated for 0 products
2026-01-26 17:00:22,568 - INFO - __main__ - poll_stock - Starting stock polling cycle
2026-01-26 17:00:23,174 - INFO - __main__ - poll_stock - Stock cache updated for 0 products
2026-01-26 17:00:32,490 - INFO - __main__ - poll_stock - Starting stock polling cycle
2026-01-26 17:00:33,235 - INFO - __main__ - poll_stock - Stock cache updated for 0 products
2026-01-26 17:05:23,175 - INFO - __main__ - poll_stock - Starting stock polling cycle
2026-01-26 17:05:23,703 - INFO - __main__ - poll_stock - Stock cache updated for 0 products
2026-01-26 17:05:33,236 - INFO - __main__ - poll_stock - Starting stock polling cycle
2026-01-26 17:05:33,907 - INFO - __main__ - poll_stock - Stock cache updated for 0 products
2026-01-26 17:10:23,703 - INFO - __main__ - poll_stock - Starting stock polling cycle
2026-01-26 17:10:24,211 - INFO - __main__ - poll_stock - Stock cache updated for 0 products
2026-01-26 17:10:33,907 - INFO - __main__ - poll_stock - Starting stock polling cycle
2026-01-26 17:10:34,758 - INFO - __main__ - poll_stock - Stock cache updated for 0 products
2026-01-26 17:15:24,212 - INFO - __main__ - poll_stock - Starting stock polling cycle
2026-01-26 17:15:25,105 - INFO - __main__ - poll_stock - Stock cache updated for 0 products
2026-01-26 17:15:34,759 - INFO - __main__ - poll_stock - Starting stock polling cycle
2026-01-26 17:15:35,438 - INFO - __main__ - poll_stock - Stock cache updated for 0 products
2026-01-26 17:20:25,106 - INFO - __main__ - poll_stock - Starting stock polling cycle
2026-01-26 17:20:25,802 - INFO - __main__ - poll_stock - Stock cache updated for 0 products
2026-01-26 17:20:35,443 - INFO - __main__ - poll_stock - Starting stock polling cycle
2026-01-26 17:20:36,358 - INFO - __main__ - poll_stock - Stock cache updated for 0 products
2026-01-26 17:25:25,803 - INFO - __main__ - poll_stock - Starting stock polling cycle
2026-01-26 17:25:26,568 - INFO - __main__ - poll_stock - Stock cache updated for 0 products
2026-01-26 17:25:36,359 - INFO - __main__ - poll_stock - Starting stock polling cycle
2026-01-26 17:25:37,038 - INFO - __main__ - poll_stock - Stock cache updated for 0 products
2026-01-26 17:30:26,569 - INFO - __main__ - poll_stock - Starting stock polling cycle
2026-01-26 17:30:27,345 - INFO - __main__ - poll_stock - Stock cache updated for 0 products
2026-01-26 17:30:37,039 - INFO - __main__ - poll_stock - Starting stock polling cycle
2026-01-26 17:30:38,064 - INFO - __main__ - poll_stock - Stock cache updated for 0 products
2026-01-26 17:35:27,346 - INFO - __main__ - poll_stock - Starting stock polling cycle
2026-01-26 17:35:28,101 - INFO - __main__ - poll_stock - Stock cache updated for 0 products
2026-01-26 17:35:38,065 - INFO - __main__ - poll_stock - Starting stock polling cycle
2026-01-26 17:35:38,623 - INFO - __main__ - poll_stock - Stock cache updated for 0 products
2026-01-26 17:40:28,102 - INFO - __main__ - poll_stock - Starting stock polling cycle
2026-01-26 17:40:28,833 - INFO - __main__ - poll_stock - Stock cache updated for 0 products
2026-01-26 17:40:38,624 - INFO - __main__ - poll_stock - Starting stock polling cycle
2026-01-26 17:40:39,414 - INFO - __main__ - poll_stock - Stock cache updated for 0 products
2026-01-26 17:45:28,834 - INFO - __main__ - poll_stock - Starting stock polling cycle
2026-01-26 17:45:29,417 - INFO - __main__ - poll_stock - Stock cache updated for 0 products
2026-01-26 17:45:39,442 - INFO - __main__ - poll_stock - Starting stock polling cycle
2026-01-26 17:45:39,977 - INFO - __main__ - poll_stock - Stock cache updated for 0 products
2026-01-26 17:50:29,418 - INFO - __main__ - poll_stock - Starting stock polling cycle
2026-01-26 17:50:30,162 - INFO - __main__ - poll_stock - Stock cache updated for 0 products
2026-01-26 17:50:39,980 - INFO - __main__ - poll_stock - Starting stock polling cycle
2026-01-26 17:50:40,818 - INFO - __main__ - poll_stock - Stock cache updated for 0 products
2026-01-26 17:55:30,162 - INFO - __main__ - poll_stock - Starting stock polling cycle
2026-01-26 17:55:31,113 - INFO - __main__ - poll_stock - Stock cache updated for 0 products
2026-01-26 17:55:40,819 - INFO - __main__ - poll_stock - Starting stock polling cycle
2026-01-26 17:55:41,496 - INFO - __main__ - poll_stock - Stock cache updated for 0 products
2026-01-26 18:00:31,113 - INFO - __main__ - poll_stock - Starting stock polling cycle
2026-01-26 18:00:32,002 - INFO - __main__ - poll_stock - Stock cache updated for 0 products
2026-01-26 18:00:41,496 - INFO - __main__ - poll_stock - Starting stock polling cycle
2026-01-26 18:00:42,418 - INFO - __main__ - poll_stock - Stock cache updated for 0 products
2026-01-26 18:05:32,002 - INFO - __main__ - poll_stock - Starting stock polling cycle
2026-01-26 18:05:32,770 - INFO - __main__ - poll_stock - Stock cache updated for 0 products
2026-01-26 18:05:42,419 - INFO - __main__ - poll_stock - Starting stock polling cycle
2026-01-26 18:05:43,174 - INFO - __main__ - poll_stock - Stock cache updated for 0 products
2026-01-26 18:10:32,770 - INFO - __main__ - poll_stock - Starting stock polling cycle
2026-01-26 18:10:33,787 - INFO - __main__ - poll_stock - Stock cache updated for 0 products
2026-01-26 18:10:43,174 - INFO - __main__ - poll_stock - Starting stock polling cycle
2026-01-26 18:10:43,823 - INFO - __main__ - poll_stock - Stock cache updated for 0 products
2026-01-26 18:15:33,787 - INFO - __main__ - poll_stock - Starting stock polling cycle
2026-01-26 18:15:34,464 - INFO - __main__ - poll_stock - Stock cache updated for 0 products
2026-01-26 18:15:43,823 - INFO - __main__ - poll_stock - Starting stock polling cycle
2026-01-26 18:15:44,443 - INFO - __main__ - poll_stock - Stock cache updated for 0 products
2026-01-26 18:20:34,467 - INFO - __main__ - poll_stock - Starting stock polling cycle
2026-01-26 18:20:34,970 - INFO - __main__ - poll_stock - Stock cache updated for 0 products
2026-01-26 18:20:44,445 - INFO - __main__ - poll_stock - Starting stock polling cycle
2026-01-26 18:20:45,295 - INFO - __main__ - poll_stock - Stock cache updated for 0 products
2026-01-26 18:25:34,972 - INFO - __main__ - poll_stock - Starting stock polling cycle
2026-01-26 18:25:35,718 - INFO - __main__ - poll_stock - Stock cache updated for 0 products
2026-01-26 18:25:45,296 - INFO - __main__ - poll_stock - Starting stock polling cycle
2026-01-26 18:25:46,058 - INFO - __main__ - poll_stock - Stock cache updated for 0 products
2026-01-26 18:30:35,721 - INFO - __main__ - poll_stock - Starting stock polling cycle
2026-01-26 18:30:36,506 - INFO - __main__ - poll_stock - Stock cache updated for 0 products
2026-01-26 18:30:46,059 - INFO - __main__ - poll_stock - Starting stock polling cycle
2026-01-26 18:30:46,819 - INFO - __main__ - poll_stock - Stock cache updated for 0 products
2026-01-26 18:35:36,509 - INFO - __main__ - poll_stock - Starting stock polling cycle
2026-01-26 18:35:37,326 - INFO - __main__ - poll_stock - Stock cache updated for 0 products
2026-01-26 18:35:46,820 - INFO - __main__ - poll_stock - Starting stock polling cycle
2026-01-26 18:35:47,570 - INFO - __main__ - poll_stock - Stock cache updated for 0 products
2026-01-26 18:40:37,326 - INFO - __main__ - poll_stock - Starting stock polling cycle
2026-01-26 18:40:38,047 - INFO - __main__ - poll_stock - Stock cache updated for 0 products
2026-01-26 18:40:47,570 - INFO - __main__ - poll_stock - Starting stock polling cycle
2026-01-26 18:40:48,088 - INFO - __main__ - poll_stock - Stock cache updated for 0 products
2026-01-26 18:45:38,047 - INFO - __main__ - poll_stock - Starting stock polling cycle
2026-01-26 18:45:38,551 - INFO - __main__ - poll_stock - Stock cache updated for 0 products
2026-01-26 18:45:48,088 - INFO - __main__ - poll_stock - Starting stock polling cycle
2026-01-26 18:45:48,792 - INFO - __main__ - poll_stock - Stock cache updated for 0 products
2026-01-26 18:50:38,552 - INFO - __main__ - poll_stock - Starting stock polling cycle
2026-01-26 18:50:39,254 - INFO - __main__ - poll_stock - Stock cache updated for 0 products
2026-01-26 18:50:48,794 - INFO - __main__ - poll_stock - Starting stock polling cycle
2026-01-26 18:50:49,507 - INFO - __main__ - poll_stock - Stock cache updated for 0 products
2026-01-26 18:55:39,255 - INFO - __main__ - poll_stock - Starting stock polling cycle
2026-01-26 18:55:39,934 - INFO - __main__ - poll_stock - Stock cache updated for 0 products
2026-01-26 18:55:49,507 - INFO - __main__ - poll_stock - Starting stock polling cycle
2026-01-26 18:55:50,411 - INFO - __main__ - poll_stock - Stock cache updated for 0 products
2026-01-26 19:00:39,934 - INFO - __main__ - poll_stock - Starting stock polling cycle
2026-01-26 19:00:40,795 - INFO - __main__ - poll_stock - Stock cache updated for 0 products
2026-01-26 19:00:50,412 - INFO - __main__ - poll_stock - Starting stock polling cycle
2026-01-26 19:00:51,193 - INFO - __main__ - poll_stock - Stock cache updated for 0 products
2026-01-26 19:05:40,796 - INFO - __main__ - poll_stock - Starting stock polling cycle
2026-01-26 19:05:41,470 - INFO - __main__ - poll_stock - Stock cache updated for 0 products
2026-01-26 19:05:51,193 - INFO - __main__ - poll_stock - Starting stock polling cycle
2026-01-26 19:05:51,867 - INFO - __main__ - poll_stock - Stock cache updated for 0 products
2026-01-26 19:10:41,471 - INFO - __main__ - poll_stock - Starting stock polling cycle
2026-01-26 19:10:42,297 - INFO - __main__ - poll_stock - Stock cache updated for 0 products
2026-01-26 19:10:51,867 - INFO - __main__ - poll_stock - Starting stock polling cycle
2026-01-26 19:10:52,846 - INFO - __main__ - poll_stock - Stock cache updated for 0 products
2026-01-26 19:15:42,297 - INFO - __main__ - poll_stock - Starting stock polling cycle
2026-01-26 19:15:43,059 - INFO - __main__ - poll_stock - Stock cache updated for 0 products
2026-01-26 19:15:52,847 - INFO - __main__ - poll_stock - Starting stock polling cycle
2026-01-26 19:15:52,937 - ERROR - __main__ - poll_stock - Error polling stock: ('Connection aborted.', ConnectionResetError(104, 'Connection reset by peer'))
Traceback (most recent call last):
  File "/usr/lib/python3/dist-packages/urllib3/connectionpool.py", line 787, in urlopen
    response = self._make_request(
        conn,
    ...<10 lines>...
        **response_kw,
    )
  File "/usr/lib/python3/dist-packages/urllib3/connectionpool.py", line 534, in _make_request
    response = conn.getresponse()
  File "/usr/lib/python3/dist-packages/urllib3/connection.py", line 565, in getresponse
    httplib_response = super().getresponse()
  File "/usr/lib/python3.13/http/client.py", line 1430, in getresponse
    response.begin()
    ~~~~~~~~~~~~~~^^
  File "/usr/lib/python3.13/http/client.py", line 331, in begin
    version, status, reason = self._read_status()
                              ~~~~~~~~~~~~~~~~~^^
  File "/usr/lib/python3.13/http/client.py", line 292, in _read_status
    line = str(self.fp.readline(_MAXLINE + 1), "iso-8859-1")
               ~~~~~~~~~~~~~~~~^^^^^^^^^^^^^^
  File "/usr/lib/python3.13/socket.py", line 719, in readinto
    return self._sock.recv_into(b)
           ~~~~~~~~~~~~~~~~~~~~^^^
  File "/usr/lib/python3.13/ssl.py", line 1304, in recv_into
    return self.read(nbytes, buffer)
           ~~~~~~~~~^^^^^^^^^^^^^^^^
  File "/usr/lib/python3.13/ssl.py", line 1138, in read
    return self._sslobj.read(len, buffer)
           ~~~~~~~~~~~~~~~~~^^^^^^^^^^^^^
ConnectionResetError: [Errno 104] Connection reset by peer

During handling of the above exception, another exception occurred:

Traceback (most recent call last):
  File "/usr/lib/python3/dist-packages/requests/adapters.py", line 667, in send
    resp = conn.urlopen(
        method=request.method,
    ...<9 lines>...
        chunked=chunked,
    )
  File "/usr/lib/python3/dist-packages/urllib3/connectionpool.py", line 841, in urlopen
    retries = retries.increment(
        method, url, error=new_e, _pool=self, _stacktrace=sys.exc_info()[2]
    )
  File "/usr/lib/python3/dist-packages/urllib3/util/retry.py", line 474, in increment
    raise reraise(type(error), error, _stacktrace)
          ~~~~~~~^^^^^^^^^^^^^^^^^^^^^^^^^^^^^^^^^
  File "/usr/lib/python3/dist-packages/urllib3/util/util.py", line 38, in reraise
    raise value.with_traceback(tb)
  File "/usr/lib/python3/dist-packages/urllib3/connectionpool.py", line 787, in urlopen
    response = self._make_request(
        conn,
    ...<10 lines>...
        **response_kw,
    )
  File "/usr/lib/python3/dist-packages/urllib3/connectionpool.py", line 534, in _make_request
    response = conn.getresponse()
  File "/usr/lib/python3/dist-packages/urllib3/connection.py", line 565, in getresponse
    httplib_response = super().getresponse()
  File "/usr/lib/python3.13/http/client.py", line 1430, in getresponse
    response.begin()
    ~~~~~~~~~~~~~~^^
  File "/usr/lib/python3.13/http/client.py", line 331, in begin
    version, status, reason = self._read_status()
                              ~~~~~~~~~~~~~~~~~^^
  File "/usr/lib/python3.13/http/client.py", line 292, in _read_status
    line = str(self.fp.readline(_MAXLINE + 1), "iso-8859-1")
               ~~~~~~~~~~~~~~~~^^^^^^^^^^^^^^
  File "/usr/lib/python3.13/socket.py", line 719, in readinto
    return self._sock.recv_into(b)
           ~~~~~~~~~~~~~~~~~~~~^^^
  File "/usr/lib/python3.13/ssl.py", line 1304, in recv_into
    return self.read(nbytes, buffer)
           ~~~~~~~~~^^^^^^^^^^^^^^^^
  File "/usr/lib/python3.13/ssl.py", line 1138, in read
    return self._sslobj.read(len, buffer)
           ~~~~~~~~~~~~~~~~~^^^^^^^^^^^^^
urllib3.exceptions.ProtocolError: ('Connection aborted.', ConnectionResetError(104, 'Connection reset by peer'))

During handling of the above exception, another exception occurred:

Traceback (most recent call last):
  File "/home/aundrae/Documents/Owner_Workshop/Customers_Assets/Backend/shop_app.py", line 71, in poll_stock
    products_response = api.get_products()
  File "/home/aundrae/Documents/Owner_Workshop/Customers_Assets/Backend/printful_client.py", line 64, in get_products
    return self._get("/v2/catalog-products", params=params)
           ~~~~~~~~~^^^^^^^^^^^^^^^^^^^^^^^^^^^^^^^^^^^^^^^
  File "/home/aundrae/Documents/Owner_Workshop/Customers_Assets/Backend/printful_client.py", line 32, in _get
    response = self.session.get(url, params=params)
  File "/usr/lib/python3/dist-packages/requests/sessions.py", line 602, in get
    return self.request("GET", url, **kwargs)
           ~~~~~~~~~~~~^^^^^^^^^^^^^^^^^^^^^^
  File "/usr/lib/python3/dist-packages/requests/sessions.py", line 589, in request
    resp = self.send(prep, **send_kwargs)
  File "/usr/lib/python3/dist-packages/requests/sessions.py", line 703, in send
    r = adapter.send(request, **kwargs)
  File "/usr/lib/python3/dist-packages/requests/adapters.py", line 682, in send
    raise ConnectionError(err, request=request)
requests.exceptions.ConnectionError: ('Connection aborted.', ConnectionResetError(104, 'Connection reset by peer'))
2026-01-26 19:20:43,060 - INFO - __main__ - poll_stock - Starting stock polling cycle
2026-01-26 19:20:43,800 - INFO - __main__ - poll_stock - Stock cache updated for 0 products
2026-01-26 19:20:53,073 - INFO - __main__ - poll_stock - Starting stock polling cycle
2026-01-26 19:20:54,502 - INFO - __main__ - poll_stock - Stock cache updated for 0 products
2026-01-26 19:25:43,800 - INFO - __main__ - poll_stock - Starting stock polling cycle
2026-01-26 19:25:44,429 - INFO - __main__ - poll_stock - Stock cache updated for 0 products
2026-01-26 19:25:54,503 - INFO - __main__ - poll_stock - Starting stock polling cycle
2026-01-26 19:25:55,182 - INFO - __main__ - poll_stock - Stock cache updated for 0 products
2026-01-26 19:30:44,429 - INFO - __main__ - poll_stock - Starting stock polling cycle
2026-01-26 19:30:45,168 - INFO - __main__ - poll_stock - Stock cache updated for 0 products
2026-01-26 19:30:55,182 - INFO - __main__ - poll_stock - Starting stock polling cycle
2026-01-26 19:30:56,124 - INFO - __main__ - poll_stock - Stock cache updated for 0 products
2026-01-26 19:35:45,169 - INFO - __main__ - poll_stock - Starting stock polling cycle
2026-01-26 19:35:45,881 - INFO - __main__ - poll_stock - Stock cache updated for 0 products
2026-01-26 19:35:56,125 - INFO - __main__ - poll_stock - Starting stock polling cycle
2026-01-26 19:35:56,816 - INFO - __main__ - poll_stock - Stock cache updated for 0 products
2026-01-26 19:40:45,882 - INFO - __main__ - poll_stock - Starting stock polling cycle
2026-01-26 19:40:46,850 - INFO - __main__ - poll_stock - Stock cache updated for 0 products
2026-01-26 19:40:56,817 - INFO - __main__ - poll_stock - Starting stock polling cycle
2026-01-26 19:40:57,462 - INFO - __main__ - poll_stock - Stock cache updated for 0 products
2026-01-26 19:45:46,860 - INFO - __main__ - poll_stock - Starting stock polling cycle
2026-01-26 19:45:47,548 - INFO - __main__ - poll_stock - Stock cache updated for 0 products
2026-01-26 19:45:57,464 - INFO - __main__ - poll_stock - Starting stock polling cycle
2026-01-26 19:45:58,147 - INFO - __main__ - poll_stock - Stock cache updated for 0 products
2026-01-26 19:50:47,549 - INFO - __main__ - poll_stock - Starting stock polling cycle
2026-01-26 19:50:48,244 - INFO - __main__ - poll_stock - Stock cache updated for 0 products
2026-01-26 19:50:58,148 - INFO - __main__ - poll_stock - Starting stock polling cycle
2026-01-26 19:50:58,876 - INFO - __main__ - poll_stock - Stock cache updated for 0 products
2026-01-26 19:55:48,245 - INFO - __main__ - poll_stock - Starting stock polling cycle
2026-01-26 19:55:49,183 - INFO - __main__ - poll_stock - Stock cache updated for 0 products
2026-01-26 19:55:58,877 - INFO - __main__ - poll_stock - Starting stock polling cycle
2026-01-26 19:55:59,521 - INFO - __main__ - poll_stock - Stock cache updated for 0 products
2026-01-26 20:00:49,187 - INFO - __main__ - poll_stock - Starting stock polling cycle
2026-01-26 20:00:49,805 - INFO - __main__ - poll_stock - Stock cache updated for 0 products
2026-01-26 20:00:59,521 - INFO - __main__ - poll_stock - Starting stock polling cycle
2026-01-26 20:01:00,060 - INFO - __main__ - poll_stock - Stock cache updated for 0 products
2026-01-26 20:05:49,806 - INFO - __main__ - poll_stock - Starting stock polling cycle
2026-01-26 20:05:50,473 - INFO - __main__ - poll_stock - Stock cache updated for 0 products
2026-01-26 20:06:00,090 - INFO - __main__ - poll_stock - Starting stock polling cycle
2026-01-26 20:06:00,803 - INFO - __main__ - poll_stock - Stock cache updated for 0 products
2026-01-26 20:10:50,485 - INFO - __main__ - poll_stock - Starting stock polling cycle
2026-01-26 20:10:51,202 - INFO - __main__ - poll_stock - Stock cache updated for 0 products
2026-01-26 20:11:00,805 - INFO - __main__ - poll_stock - Starting stock polling cycle
2026-01-26 20:11:01,398 - INFO - __main__ - poll_stock - Stock cache updated for 0 products
2026-01-26 20:15:51,206 - INFO - __main__ - poll_stock - Starting stock polling cycle
2026-01-26 20:15:51,825 - INFO - __main__ - poll_stock - Stock cache updated for 0 products
2026-01-26 20:16:01,400 - INFO - __main__ - poll_stock - Starting stock polling cycle
2026-01-26 20:16:02,034 - INFO - __main__ - poll_stock - Stock cache updated for 0 products
2026-01-26 20:20:51,889 - INFO - __main__ - poll_stock - Starting stock polling cycle
2026-01-26 20:20:52,506 - INFO - __main__ - poll_stock - Stock cache updated for 0 products
2026-01-26 20:21:02,036 - INFO - __main__ - poll_stock - Starting stock polling cycle
2026-01-26 20:21:02,821 - INFO - __main__ - poll_stock - Stock cache updated for 0 products
2026-01-26 20:25:52,507 - INFO - __main__ - poll_stock - Starting stock polling cycle
2026-01-26 20:25:53,143 - INFO - __main__ - poll_stock - Stock cache updated for 0 products
2026-01-26 20:26:02,822 - INFO - __main__ - poll_stock - Starting stock polling cycle
2026-01-26 20:26:03,495 - INFO - __main__ - poll_stock - Stock cache updated for 0 products
2026-01-26 20:30:53,144 - INFO - __main__ - poll_stock - Starting stock polling cycle
2026-01-26 20:30:53,922 - INFO - __main__ - poll_stock - Stock cache updated for 0 products
2026-01-26 20:31:03,496 - INFO - __main__ - poll_stock - Starting stock polling cycle
2026-01-26 20:31:04,264 - INFO - __main__ - poll_stock - Stock cache updated for 0 products
2026-01-26 20:35:53,922 - INFO - __main__ - poll_stock - Starting stock polling cycle
2026-01-26 20:35:54,606 - INFO - __main__ - poll_stock - Stock cache updated for 0 products
2026-01-26 20:36:04,265 - INFO - __main__ - poll_stock - Starting stock polling cycle
2026-01-26 20:36:04,981 - INFO - __main__ - poll_stock - Stock cache updated for 0 products
2026-01-26 20:40:54,606 - INFO - __main__ - poll_stock - Starting stock polling cycle
2026-01-26 20:40:55,271 - INFO - __main__ - poll_stock - Stock cache updated for 0 products
2026-01-26 20:41:04,983 - INFO - __main__ - poll_stock - Starting stock polling cycle
2026-01-26 20:41:05,502 - INFO - __main__ - poll_stock - Stock cache updated for 0 products
2026-01-26 20:45:55,272 - INFO - __main__ - poll_stock - Starting stock polling cycle
2026-01-26 20:45:56,311 - INFO - __main__ - poll_stock - Stock cache updated for 0 products
2026-01-26 20:46:05,503 - INFO - __main__ - poll_stock - Starting stock polling cycle
2026-01-26 20:46:06,354 - INFO - __main__ - poll_stock - Stock cache updated for 0 products
2026-01-26 20:50:56,312 - INFO - __main__ - poll_stock - Starting stock polling cycle
2026-01-26 20:50:57,169 - INFO - __main__ - poll_stock - Stock cache updated for 0 products
2026-01-26 20:51:06,355 - INFO - __main__ - poll_stock - Starting stock polling cycle
2026-01-26 20:51:07,122 - INFO - __main__ - poll_stock - Stock cache updated for 0 products
2026-01-26 20:55:57,170 - INFO - __main__ - poll_stock - Starting stock polling cycle
2026-01-26 20:55:57,825 - INFO - __main__ - poll_stock - Stock cache updated for 0 products
2026-01-26 20:56:07,123 - INFO - __main__ - poll_stock - Starting stock polling cycle
2026-01-26 20:56:07,631 - INFO - __main__ - poll_stock - Stock cache updated for 0 products
2026-01-26 21:00:57,825 - INFO - __main__ - poll_stock - Starting stock polling cycle
2026-01-26 21:00:58,400 - INFO - __main__ - poll_stock - Stock cache updated for 0 products
2026-01-26 21:01:07,631 - INFO - __main__ - poll_stock - Starting stock polling cycle
2026-01-26 21:01:08,348 - INFO - __main__ - poll_stock - Stock cache updated for 0 products
2026-01-26 21:05:58,400 - INFO - __main__ - poll_stock - Starting stock polling cycle
2026-01-26 21:05:59,244 - INFO - __main__ - poll_stock - Stock cache updated for 0 products
2026-01-26 21:06:08,348 - INFO - __main__ - poll_stock - Starting stock polling cycle
2026-01-26 21:06:08,900 - INFO - __main__ - poll_stock - Stock cache updated for 0 products
2026-01-26 21:10:59,244 - INFO - __main__ - poll_stock - Starting stock polling cycle
2026-01-26 21:11:00,025 - INFO - __main__ - poll_stock - Stock cache updated for 0 products
2026-01-26 21:11:08,900 - INFO - __main__ - poll_stock - Starting stock polling cycle
2026-01-26 21:11:09,578 - INFO - __main__ - poll_stock - Stock cache updated for 0 products
2026-01-26 21:16:00,025 - INFO - __main__ - poll_stock - Starting stock polling cycle
2026-01-26 21:16:00,597 - INFO - __main__ - poll_stock - Stock cache updated for 0 products
2026-01-26 21:16:09,579 - INFO - __main__ - poll_stock - Starting stock polling cycle
2026-01-26 21:16:10,484 - INFO - __main__ - poll_stock - Stock cache updated for 0 products
2026-01-26 21:21:00,598 - INFO - __main__ - poll_stock - Starting stock polling cycle
2026-01-26 21:21:01,224 - INFO - __main__ - poll_stock - Stock cache updated for 0 products
2026-01-26 21:21:10,485 - INFO - __main__ - poll_stock - Starting stock polling cycle
2026-01-26 21:21:11,150 - INFO - __main__ - poll_stock - Stock cache updated for 0 products
2026-01-26 21:26:01,224 - INFO - __main__ - poll_stock - Starting stock polling cycle
2026-01-26 21:26:01,766 - INFO - __main__ - poll_stock - Stock cache updated for 0 products
2026-01-26 21:26:11,151 - INFO - __main__ - poll_stock - Starting stock polling cycle
2026-01-26 21:26:11,700 - INFO - __main__ - poll_stock - Stock cache updated for 0 products
2026-01-26 21:31:01,767 - INFO - __main__ - poll_stock - Starting stock polling cycle
2026-01-26 21:31:02,423 - INFO - __main__ - poll_stock - Stock cache updated for 0 products
2026-01-26 21:31:11,700 - INFO - __main__ - poll_stock - Starting stock polling cycle
2026-01-26 21:31:12,244 - INFO - __main__ - poll_stock - Stock cache updated for 0 products
2026-01-26 21:36:02,424 - INFO - __main__ - poll_stock - Starting stock polling cycle
2026-01-26 21:36:03,114 - INFO - __main__ - poll_stock - Stock cache updated for 0 products
2026-01-26 21:36:12,245 - INFO - __main__ - poll_stock - Starting stock polling cycle
2026-01-26 21:36:12,806 - INFO - __main__ - poll_stock - Stock cache updated for 0 products
2026-01-26 21:41:03,115 - INFO - __main__ - poll_stock - Starting stock polling cycle
2026-01-26 21:41:03,824 - INFO - __main__ - poll_stock - Stock cache updated for 0 products
2026-01-26 21:41:12,807 - INFO - __main__ - poll_stock - Starting stock polling cycle
2026-01-26 21:41:13,627 - INFO - __main__ - poll_stock - Stock cache updated for 0 products
2026-01-26 21:46:03,824 - INFO - __main__ - poll_stock - Starting stock polling cycle
2026-01-26 21:46:04,474 - INFO - __main__ - poll_stock - Stock cache updated for 0 products
2026-01-26 21:46:13,627 - INFO - __main__ - poll_stock - Starting stock polling cycle
2026-01-26 21:46:14,316 - INFO - __main__ - poll_stock - Stock cache updated for 0 products
2026-01-26 21:51:04,475 - INFO - __main__ - poll_stock - Starting stock polling cycle
2026-01-26 21:51:05,187 - INFO - __main__ - poll_stock - Stock cache updated for 0 products
2026-01-26 21:51:14,317 - INFO - __main__ - poll_stock - Starting stock polling cycle
2026-01-26 21:51:15,178 - INFO - __main__ - poll_stock - Stock cache updated for 0 products
2026-01-26 21:56:05,187 - INFO - __main__ - poll_stock - Starting stock polling cycle
2026-01-26 21:56:05,710 - INFO - __main__ - poll_stock - Stock cache updated for 0 products
2026-01-26 21:56:15,178 - INFO - __main__ - poll_stock - Starting stock polling cycle
2026-01-26 21:56:15,767 - INFO - __main__ - poll_stock - Stock cache updated for 0 products
2026-01-26 22:01:05,710 - INFO - __main__ - poll_stock - Starting stock polling cycle
2026-01-26 22:01:06,354 - INFO - __main__ - poll_stock - Stock cache updated for 0 products
2026-01-26 22:01:15,769 - INFO - __main__ - poll_stock - Starting stock polling cycle
2026-01-26 22:01:16,391 - INFO - __main__ - poll_stock - Stock cache updated for 0 products
2026-01-26 22:06:06,355 - INFO - __main__ - poll_stock - Starting stock polling cycle
2026-01-26 22:06:07,066 - INFO - __main__ - poll_stock - Stock cache updated for 0 products
2026-01-26 22:06:16,391 - INFO - __main__ - poll_stock - Starting stock polling cycle
2026-01-26 22:06:16,902 - INFO - __main__ - poll_stock - Stock cache updated for 0 products
2026-01-26 22:11:07,066 - INFO - __main__ - poll_stock - Starting stock polling cycle
2026-01-26 22:11:07,767 - INFO - __main__ - poll_stock - Stock cache updated for 0 products
2026-01-26 22:11:16,903 - INFO - __main__ - poll_stock - Starting stock polling cycle
2026-01-26 22:11:17,624 - INFO - __main__ - poll_stock - Stock cache updated for 0 products
2026-01-26 22:16:07,768 - INFO - __main__ - poll_stock - Starting stock polling cycle
2026-01-26 22:16:08,475 - INFO - __main__ - poll_stock - Stock cache updated for 0 products
2026-01-26 22:16:17,625 - INFO - __main__ - poll_stock - Starting stock polling cycle
2026-01-26 22:16:18,139 - INFO - __main__ - poll_stock - Stock cache updated for 0 products
2026-01-26 22:21:08,476 - INFO - __main__ - poll_stock - Starting stock polling cycle
2026-01-26 22:21:09,187 - INFO - __main__ - poll_stock - Stock cache updated for 0 products
2026-01-26 22:21:18,140 - INFO - __main__ - poll_stock - Starting stock polling cycle
2026-01-26 22:21:18,709 - INFO - __main__ - poll_stock - Stock cache updated for 0 products
2026-01-26 22:26:09,188 - INFO - __main__ - poll_stock - Starting stock polling cycle
2026-01-26 22:26:09,803 - INFO - __main__ - poll_stock - Stock cache updated for 0 products
2026-01-26 22:26:18,709 - INFO - __main__ - poll_stock - Starting stock polling cycle
2026-01-26 22:26:19,357 - INFO - __main__ - poll_stock - Stock cache updated for 0 products
2026-01-26 22:31:09,804 - INFO - __main__ - poll_stock - Starting stock polling cycle
2026-01-26 22:31:10,518 - INFO - __main__ - poll_stock - Stock cache updated for 0 products
2026-01-26 22:31:19,369 - INFO - __main__ - poll_stock - Starting stock polling cycle
2026-01-26 22:31:19,904 - INFO - __main__ - poll_stock - Stock cache updated for 0 products
2026-01-26 22:36:10,518 - INFO - __main__ - poll_stock - Starting stock polling cycle
2026-01-26 22:36:11,194 - INFO - __main__ - poll_stock - Stock cache updated for 0 products
2026-01-26 22:36:19,904 - INFO - __main__ - poll_stock - Starting stock polling cycle
2026-01-26 22:36:20,476 - INFO - __main__ - poll_stock - Stock cache updated for 0 products
2026-01-26 22:41:11,195 - INFO - __main__ - poll_stock - Starting stock polling cycle
2026-01-26 22:41:11,987 - INFO - __main__ - poll_stock - Stock cache updated for 0 products
2026-01-26 22:41:20,477 - INFO - __main__ - poll_stock - Starting stock polling cycle
2026-01-26 22:41:21,138 - INFO - __main__ - poll_stock - Stock cache updated for 0 products
2026-01-26 22:46:11,988 - INFO - __main__ - poll_stock - Starting stock polling cycle
2026-01-26 22:46:12,492 - INFO - __main__ - poll_stock - Stock cache updated for 0 products
2026-01-26 22:46:21,139 - INFO - __main__ - poll_stock - Starting stock polling cycle
2026-01-26 22:46:21,850 - INFO - __main__ - poll_stock - Stock cache updated for 0 products
2026-01-26 22:51:12,492 - INFO - __main__ - poll_stock - Starting stock polling cycle
2026-01-26 22:51:13,174 - INFO - __main__ - poll_stock - Stock cache updated for 0 products
2026-01-26 22:51:21,851 - INFO - __main__ - poll_stock - Starting stock polling cycle
2026-01-26 22:51:22,366 - INFO - __main__ - poll_stock - Stock cache updated for 0 products
2026-01-26 22:56:13,174 - INFO - __main__ - poll_stock - Starting stock polling cycle
2026-01-26 22:56:13,923 - INFO - __main__ - poll_stock - Stock cache updated for 0 products
2026-01-26 22:56:22,366 - INFO - __main__ - poll_stock - Starting stock polling cycle
2026-01-26 22:56:22,866 - INFO - __main__ - poll_stock - Stock cache updated for 0 products
2026-01-26 23:01:13,923 - INFO - __main__ - poll_stock - Starting stock polling cycle
2026-01-26 23:01:14,652 - INFO - __main__ - poll_stock - Stock cache updated for 0 products
2026-01-26 23:01:22,867 - INFO - __main__ - poll_stock - Starting stock polling cycle
2026-01-26 23:01:23,394 - INFO - __main__ - poll_stock - Stock cache updated for 0 products
2026-01-26 23:06:14,653 - INFO - __main__ - poll_stock - Starting stock polling cycle
2026-01-26 23:06:15,326 - INFO - __main__ - poll_stock - Stock cache updated for 0 products
2026-01-26 23:06:23,395 - INFO - __main__ - poll_stock - Starting stock polling cycle
2026-01-26 23:06:24,072 - INFO - __main__ - poll_stock - Stock cache updated for 0 products
2026-01-26 23:11:15,326 - INFO - __main__ - poll_stock - Starting stock polling cycle
2026-01-26 23:11:15,930 - INFO - __main__ - poll_stock - Stock cache updated for 0 products
2026-01-26 23:11:24,072 - INFO - __main__ - poll_stock - Starting stock polling cycle
2026-01-26 23:11:24,835 - INFO - __main__ - poll_stock - Stock cache updated for 0 products
2026-01-26 23:16:15,931 - INFO - __main__ - poll_stock - Starting stock polling cycle
2026-01-26 23:16:16,474 - INFO - __main__ - poll_stock - Stock cache updated for 0 products
2026-01-26 23:16:24,835 - INFO - __main__ - poll_stock - Starting stock polling cycle
2026-01-26 23:16:25,359 - INFO - __main__ - poll_stock - Stock cache updated for 0 products
2026-01-26 23:21:16,475 - INFO - __main__ - poll_stock - Starting stock polling cycle
2026-01-26 23:21:17,136 - INFO - __main__ - poll_stock - Stock cache updated for 0 products
2026-01-26 23:21:25,360 - INFO - __main__ - poll_stock - Starting stock polling cycle
2026-01-26 23:21:26,025 - INFO - __main__ - poll_stock - Stock cache updated for 0 products
2026-01-26 23:26:17,137 - INFO - __main__ - poll_stock - Starting stock polling cycle
2026-01-26 23:26:17,778 - INFO - __main__ - poll_stock - Stock cache updated for 0 products
2026-01-26 23:26:26,025 - INFO - __main__ - poll_stock - Starting stock polling cycle
2026-01-26 23:26:26,585 - INFO - __main__ - poll_stock - Stock cache updated for 0 products
2026-01-26 23:31:17,779 - INFO - __main__ - poll_stock - Starting stock polling cycle
2026-01-26 23:31:18,487 - INFO - __main__ - poll_stock - Stock cache updated for 0 products
2026-01-26 23:31:26,588 - INFO - __main__ - poll_stock - Starting stock polling cycle
2026-01-26 23:31:27,183 - INFO - __main__ - poll_stock - Stock cache updated for 0 products
2026-01-26 23:36:18,488 - INFO - __main__ - poll_stock - Starting stock polling cycle
2026-01-26 23:36:19,208 - INFO - __main__ - poll_stock - Stock cache updated for 0 products
2026-01-26 23:36:27,184 - INFO - __main__ - poll_stock - Starting stock polling cycle
2026-01-26 23:36:27,813 - INFO - __main__ - poll_stock - Stock cache updated for 0 products
2026-01-26 23:41:19,209 - INFO - __main__ - poll_stock - Starting stock polling cycle
2026-01-26 23:41:19,700 - INFO - __main__ - poll_stock - Stock cache updated for 0 products
2026-01-26 23:41:27,813 - INFO - __main__ - poll_stock - Starting stock polling cycle
2026-01-26 23:41:28,328 - INFO - __main__ - poll_stock - Stock cache updated for 0 products
2026-01-26 23:46:19,701 - INFO - __main__ - poll_stock - Starting stock polling cycle
2026-01-26 23:46:20,378 - INFO - __main__ - poll_stock - Stock cache updated for 0 products
2026-01-26 23:46:28,331 - INFO - __main__ - poll_stock - Starting stock polling cycle
2026-01-26 23:46:28,946 - INFO - __main__ - pol2026-01-26 23:51:20,380 - INFO - __main__ - poll_stock - Starting stock polling cycle
2026-01-26 23:51:21,232 - INFO - __main__ - poll_stock - Stock cache updated for 0 products
2026-01-26 23:56:21,237 - INFO - __main__ - poll_stock - Starting stock polling cycle
2026-01-26 23:56:22,017 - INFO - __main__ - poll_stock - Stock cache updated for 0 products
l_stock - Stock cache updated for 0 products
2026-01-26 23:51:28,950 - INFO - __main__ - poll_stock - Starting stock polling cycle
2026-01-26 23:51:29,760 - INFO - __main__ - poll_stock - Stock cache updated for 0 products
2026-01-26 23:56:29,760 - INFO - __main__ - poll_stock - Starting stock polling cycle
2026-01-26 23:56:30,372 - INFO - __main__ - poll_stock - Stock cache updated for 0 products
2026-01-27 00:01:22,017 - INFO - __main__ - poll_stock - Starting stock polling cycle
2026-01-27 00:01:22,649 - INFO - __main__ - poll_stock - Stock cache updated for 0 products
2026-01-27 00:01:30,372 - INFO - __main__ - poll_stock - Starting stock polling cycle
2026-01-27 00:01:31,119 - INFO - __main__ - poll_stock - Stock cache updated for 0 products
2026-01-27 00:06:22,650 - INFO - __main__ - poll_stock - Starting stock polling cycle
2026-01-27 00:06:23,150 - INFO - __main__ - poll_stock - Stock cache updated for 0 products
2026-01-27 00:06:31,119 - INFO - __main__ - poll_stock - Starting stock polling cycle
2026-01-27 00:06:31,764 - INFO - __main__ - poll_stock - Stock cache updated for 0 products
2026-01-27 00:11:23,150 - INFO - __main__ - poll_stock - Starting stock polling cycle
2026-01-27 00:11:23,684 - INFO - __main__ - poll_stock - Stock cache updated for 0 products
2026-01-27 00:11:31,764 - INFO - __main__ - poll_stock - Starting stock polling cycle
2026-01-27 00:11:32,385 - INFO - __main__ - poll_stock - Stock cache updated for 0 products
2026-01-27 00:16:23,684 - INFO - __main__ - poll_stock - Starting stock polling cycle
2026-01-27 00:16:24,192 - INFO - __main__ - poll_stock - Stock cache updated for 0 products
2026-01-27 00:16:32,385 - INFO - __main__ - poll_stock - Starting stock polling cycle
2026-01-27 00:16:33,156 - INFO - __main__ - poll_stock - Stock cache updated for 0 products
2026-01-27 00:21:24,192 - INFO - __main__ - poll_stock - Starting stock polling cycle
2026-01-27 00:21:24,786 - INFO - __main__ - poll_stock - Stock cache updated for 0 products
2026-01-27 00:21:33,156 - INFO - __main__ - poll_stock - Starting stock polling cycle
2026-01-27 00:21:34,212 - INFO - __main__ - poll_stock - Stock cache updated for 0 products
2026-01-27 00:26:24,786 - INFO - __main__ - poll_stock - Starting stock polling cycle
2026-01-27 00:26:25,743 - INFO - __main__ - poll_stock - Stock cache updated for 0 products
2026-01-27 00:26:34,213 - INFO - __main__ - poll_stock - Starting stock polling cycle
2026-01-27 00:26:35,088 - INFO - __main__ - poll_stock - Stock cache updated for 0 products
2026-01-27 00:31:25,743 - INFO - __main__ - poll_stock - Starting stock polling cycle
2026-01-27 00:31:26,481 - INFO - __main__ - poll_stock - Stock cache updated for 0 products
2026-01-27 00:31:35,089 - INFO - __main__ - poll_stock - Starting stock polling cycle
2026-01-27 00:31:36,108 - INFO - __main__ - poll_stock - Stock cache updated for 0 products
2026-01-27 00:36:26,482 - INFO - __main__ - poll_stock - Starting stock polling cycle
2026-01-27 00:36:27,057 - INFO - __main__ - poll_stock - Stock cache updated for 0 products
2026-01-27 00:36:36,108 - INFO - __main__ - poll_stock - Starting stock polling cycle
2026-01-27 00:36:36,787 - INFO - __main__ - poll_stock - Stock cache updated for 0 products
2026-01-27 00:41:27,057 - INFO - __main__ - poll_stock - Starting stock polling cycle
2026-01-27 00:41:27,768 - INFO - __main__ - poll_stock - Stock cache updated for 0 products
2026-01-27 00:41:36,788 - INFO - __main__ - poll_stock - Starting stock polling cycle
2026-01-27 00:41:37,446 - INFO - __main__ - poll_stock - Stock cache updated for 0 products
2026-01-27 00:46:27,769 - INFO - __main__ - poll_stock - Starting stock polling cycle
2026-01-27 00:46:28,411 - INFO - __main__ - poll_stock - Stock cache updated for 0 products
2026-01-27 00:46:37,447 - INFO - __main__ - poll_stock - Starting stock polling cycle
2026-01-27 00:46:37,996 - INFO - __main__ - poll_stock - Stock cache updated for 0 products
2026-01-27 00:51:28,411 - INFO - __main__ - poll_stock - Starting stock polling cycle
2026-01-27 00:51:29,185 - INFO - __main__ - poll_stock - Stock cache updated for 0 products
2026-01-27 00:51:37,997 - INFO - __main__ - poll_stock - Starting stock polling cycle
2026-01-27 00:51:38,571 - INFO - __main__ - poll_stock - Stock cache updated for 0 products
2026-01-27 00:56:29,186 - INFO - __main__ - poll_stock - Starting stock polling cycle
2026-01-27 00:56:29,781 - INFO - __main__ - poll_stock - Stock cache updated for 0 products
2026-01-27 00:56:38,571 - INFO - __main__ - poll_stock - Starting stock polling cycle
2026-01-27 00:56:39,206 - INFO - __main__ - poll_stock - Stock cache updated for 0 products
2026-01-27 01:01:29,782 - INFO - __main__ - poll_stock - Starting stock polling cycle
2026-01-27 01:01:30,276 - INFO - __main__ - poll_stock - Stock cache updated for 0 products
2026-01-27 01:01:39,206 - INFO - __main__ - poll_stock - Starting stock polling cycle
2026-01-27 01:01:39,759 - INFO - __main__ - poll_stock - Stock cache updated for 0 products
2026-01-27 01:06:30,276 - INFO - __main__ - poll_stock - Starting stock polling cycle
2026-01-27 01:06:30,778 - INFO - __main__ - poll_stock - Stock cache updated for 0 products
2026-01-27 01:06:39,759 - INFO - __main__ - poll_stock - Starting stock polling cycle
2026-01-27 01:06:40,463 - INFO - __main__ - poll_stock - Stock cache updated for 0 products
2026-01-27 01:11:30,779 - INFO - __main__ - poll_stock - Starting stock polling cycle
2026-01-27 01:11:31,290 - INFO - __main__ - poll_stock - Stock cache updated for 0 products
2026-01-27 01:11:40,463 - INFO - __main__ - poll_stock - Starting stock polling cycle
2026-01-27 01:11:41,162 - INFO - __main__ - poll_stock - Stock cache updated for 0 products
2026-01-27 01:16:31,290 - INFO - __main__ - poll_stock - Starting stock polling cycle
2026-01-27 01:16:32,001 - INFO - __main__ - poll_stock - Stock cache updated for 0 products
2026-01-27 01:16:41,162 - INFO - __main__ - poll_stock - Starting stock polling cycle
2026-01-27 01:16:41,822 - INFO - __main__ - poll_stock - Stock cache updated for 0 products
2026-01-27 01:21:32,001 - INFO - __main__ - poll_stock - Starting stock polling cycle
2026-01-27 01:21:32,762 - INFO - __main__ - poll_stock - Stock cache updated for 0 products
2026-01-27 01:21:41,823 - INFO - __main__ - poll_stock - Starting stock polling cycle
2026-01-27 01:21:42,451 - INFO - __main__ - poll_stock - Stock cache updated for 0 products
2026-01-27 01:26:32,763 - INFO - __main__ - poll_stock - Starting stock polling cycle
2026-01-27 01:26:33,425 - INFO - __main__ - poll_stock - Stock cache updated for 0 products
2026-01-27 01:26:42,452 - INFO - __main__ - poll_stock - Starting stock polling cycle
2026-01-27 01:26:43,097 - INFO - __main__ - poll_stock - Stock cache updated for 0 products
2026-01-27 01:31:33,427 - INFO - __main__ - poll_stock - Starting stock polling cycle
2026-01-27 01:31:33,962 - INFO - __main__ - poll_stock - Stock cache updated for 0 products
2026-01-27 01:31:43,097 - INFO - __main__ - poll_stock - Starting stock polling cycle
2026-01-27 01:31:43,997 - INFO - __main__ - poll_stock - Stock cache updated for 0 products
2026-01-27 01:36:33,963 - INFO - __main__ - poll_stock - Starting stock polling cycle
2026-01-27 01:36:34,668 - INFO - __main__ - poll_stock - Stock cache updated for 0 products
2026-01-27 01:36:43,997 - INFO - __main__ - poll_stock - Starting stock polling cycle
2026-01-27 01:36:44,573 - INFO - __main__ - poll_stock - Stock cache updated for 0 products
2026-01-27 01:41:34,668 - INFO - __main__ - poll_stock - Starting stock polling cycle
2026-01-27 01:41:35,465 - INFO - __main__ - poll_stock - Stock cache updated for 0 products
2026-01-27 01:41:44,576 - INFO - __main__ - poll_stock - Starting stock polling cycle
2026-01-27 01:41:45,505 - INFO - __main__ - poll_stock - Stock cache updated for 0 products
2026-01-27 01:46:35,466 - INFO - __main__ - poll_stock - Starting stock polling cycle
2026-01-27 01:46:36,118 - INFO - __main__ - poll_stock - Stock cache updated for 0 products
2026-01-27 01:46:45,506 - INFO - __main__ - poll_stock - Starting stock polling cycle
2026-01-27 01:46:46,462 - INFO - __main__ - poll_stock - Stock cache updated for 0 products
2026-01-27 01:51:36,119 - INFO - __main__ - poll_stock - Starting stock polling cycle
2026-01-27 01:51:36,803 - INFO - __main__ - poll_stock - Stock cache updated for 0 products
2026-01-27 01:51:46,462 - INFO - __main__ - poll_stock - Starting stock polling cycle
2026-01-27 01:51:47,214 - INFO - __main__ - poll_stock - Stock cache updated for 0 products
2026-01-27 01:56:36,804 - INFO - __main__ - poll_stock - Starting stock polling cycle
2026-01-27 01:56:37,636 - INFO - __main__ - poll_stock - Stock cache updated for 0 products
2026-01-27 01:56:47,215 - INFO - __main__ - poll_stock - Starting stock polling cycle
2026-01-27 01:56:48,057 - INFO - __main__ - poll_stock - Stock cache updated for 0 products
2026-01-27 02:01:37,637 - INFO - __main__ - poll_stock - Starting stock polling cycle
2026-01-27 02:01:38,459 - INFO - __main__ - poll_stock - Stock cache updated for 0 products
2026-01-27 02:01:48,058 - INFO - __main__ - poll_stock - Starting stock polling cycle
2026-01-27 02:01:48,732 - INFO - __main__ - poll_stock - Stock cache updated for 0 products
2026-01-27 02:06:38,460 - INFO - __main__ - poll_stock - Starting stock polling cycle
2026-01-27 02:06:39,392 - INFO - __main__ - poll_stock - Stock cache updated for 0 products
2026-01-27 02:06:48,732 - INFO - __main__ - poll_stock - Starting stock polling cycle
2026-01-27 02:06:49,378 - INFO - __main__ - poll_stock - Stock cache updated for 0 products
2026-01-27 02:11:39,393 - INFO - __main__ - poll_stock - Starting stock polling cycle
2026-01-27 02:11:40,079 - INFO - __main__ - poll_stock - Stock cache updated for 0 products
2026-01-27 02:11:49,378 - INFO - __main__ - poll_stock - Starting stock polling cycle
2026-01-27 02:11:50,115 - INFO - __main__ - poll_stock - Stock cache updated for 0 products
2026-01-27 02:16:40,079 - INFO - __main__ - poll_stock - Starting stock polling cycle
2026-01-27 02:16:40,577 - INFO - __main__ - poll_stock - Stock cache updated for 0 products
2026-01-27 02:16:50,116 - INFO - __main__ - poll_stock - Starting stock polling cycle
2026-01-27 02:16:50,867 - INFO - __main__ - poll_stock - Stock cache updated for 0 products
2026-01-27 02:21:40,578 - INFO - __main__ - poll_stock - Starting stock polling cycle
2026-01-27 02:21:41,213 - INFO - __main__ - poll_stock - Stock cache updated for 0 products
2026-01-27 02:21:50,867 - INFO - __main__ - poll_stock - Starting stock polling cycle
2026-01-27 02:21:51,532 - INFO - __main__ - poll_stock - Stock cache updated for 0 products
2026-01-27 02:26:41,213 - INFO - __main__ - poll_stock - Starting stock polling cycle
2026-01-27 02:26:42,028 - INFO - __main__ - poll_stock - Stock cache updated for 0 products
2026-01-27 02:26:51,533 - INFO - __main__ - poll_stock - Starting stock polling cycle
2026-01-27 02:26:52,202 - INFO - __main__ - poll_stock - Stock cache updated for 0 products
2026-01-27 02:31:42,029 - INFO - __main__ - poll_stock - Starting stock polling cycle
2026-01-27 02:31:42,708 - INFO - __main__ - poll_stock - Stock cache updated for 0 products
2026-01-27 02:31:52,202 - INFO - __main__ - poll_stock - Starting stock polling cycle
2026-01-27 02:31:52,744 - INFO - __main__ - poll_stock - Stock cache updated for 0 products
2026-01-27 02:36:42,709 - INFO - __main__ - poll_stock - Starting stock polling cycle
2026-01-27 02:36:43,327 - INFO - __main__ - poll_stock - Stock cache updated for 0 products
2026-01-27 02:36:52,745 - INFO - __main__ - poll_stock - Starting stock polling cycle
2026-01-27 02:36:53,495 - INFO - __main__ - poll_stock - Stock cache updated for 0 products
2026-01-27 02:41:43,328 - INFO - __main__ - poll_stock - Starting stock polling cycle
2026-01-27 02:41:43,941 - INFO - __main__ - poll_stock - Stock cache updated for 0 products
2026-01-27 02:41:53,495 - INFO - __main__ - poll_stock - Starting stock polling cycle
2026-01-27 02:41:54,104 - INFO - __main__ - poll_stock - Stock cache updated for 0 products
2026-01-27 02:46:43,942 - INFO - __main__ - poll_stock - Starting stock polling cycle
2026-01-27 02:46:44,504 - INFO - __main__ - poll_stock - Stock cache updated for 0 products
2026-01-27 02:46:54,105 - INFO - __main__ - poll_stock - Starting stock polling cycle
2026-01-27 02:46:54,740 - INFO - __main__ - poll_stock - Stock cache updated for 0 products
2026-01-27 02:51:44,505 - INFO - __main__ - poll_stock - Starting stock polling cycle
2026-01-27 02:51:45,178 - INFO - __main__ - poll_stock - Stock cache updated for 0 products
2026-01-27 02:51:54,741 - INFO - __main__ - poll_stock - Starting stock polling cycle
2026-01-27 02:51:55,384 - INFO - __main__ - poll_stock - Stock cache updated for 0 products
2026-01-27 02:56:45,178 - INFO - __main__ - poll_stock - Starting stock polling cycle
2026-01-27 02:56:46,098 - INFO - __main__ - poll_stock - Stock cache updated for 0 products
2026-01-27 02:56:55,384 - INFO - __main__ - poll_stock - Starting stock polling cycle
2026-01-27 02:56:56,384 - INFO - __main__ - poll_stock - Stock cache updated for 0 products
2026-01-27 03:01:46,099 - INFO - __main__ - poll_stock - Starting stock polling cycle
2026-01-27 03:01:46,584 - INFO - __main__ - poll_stock - Stock cache updated for 0 products
2026-01-27 03:01:56,385 - INFO - __main__ - poll_stock - Starting stock polling cycle
2026-01-27 03:01:57,134 - INFO - __main__ - poll_stock - Stock cache updated for 0 products
2026-01-27 03:06:46,584 - INFO - __main__ - poll_stock - Starting stock polling cycle
2026-01-27 03:06:47,393 - INFO - __main__ - poll_stock - Stock cache updated for 0 products
2026-01-27 03:06:57,135 - INFO - __main__ - poll_stock - Starting stock polling cycle
2026-01-27 03:06:57,631 - INFO - __main__ - poll_stock - Stock cache updated for 0 products
2026-01-27 03:11:47,394 - INFO - __main__ - poll_stock - Starting stock polling cycle
2026-01-27 03:11:48,195 - INFO - __main__ - poll_stock - Stock cache updated for 0 products
2026-01-27 03:11:57,644 - INFO - __main__ - poll_stock - Starting stock polling cycle
2026-01-27 03:11:58,438 - INFO - __main__ - poll_stock - Stock cache updated for 0 products
2026-01-27 03:16:48,225 - INFO - __main__ - poll_stock - Starting stock polling cycle
2026-01-27 03:16:48,854 - INFO - __main__ - poll_stock - Stock cache updated for 0 products
2026-01-27 03:16:58,439 - INFO - __main__ - poll_stock - Starting stock polling cycle
2026-01-27 03:16:59,199 - INFO - __main__ - poll_stock - Stock cache updated for 0 products
2026-01-27 03:21:48,855 - INFO - __main__ - poll_stock - Starting stock polling cycle
2026-01-27 03:21:49,747 - INFO - __main__ - poll_stock - Stock cache updated for 0 products
2026-01-27 03:21:59,200 - INFO - __main__ - poll_stock - Starting stock polling cycle
2026-01-27 03:21:59,714 - INFO - __main__ - poll_stock - Stock cache updated for 0 products
2026-01-27 03:26:49,748 - INFO - __main__ - poll_stock - Starting stock polling cycle
2026-01-27 03:26:50,419 - INFO - __main__ - poll_stock - Stock cache updated for 0 products
2026-01-27 03:26:59,714 - INFO - __main__ - poll_stock - Starting stock polling cycle
2026-01-27 03:27:00,353 - INFO - __main__ - poll_stock - Stock cache updated for 0 products
2026-01-27 03:31:50,419 - INFO - __main__ - poll_stock - Starting stock polling cycle
2026-01-27 03:31:51,129 - INFO - __main__ - poll_stock - Stock cache updated for 0 products
2026-01-27 03:32:00,353 - INFO - __main__ - poll_stock - Starting stock polling cycle
2026-01-27 03:32:00,863 - INFO - __main__ - poll_stock - Stock cache updated for 0 products
2026-01-27 03:36:51,130 - INFO - __main__ - poll_stock - Starting stock polling cycle
2026-01-27 03:36:51,627 - INFO - __main__ - poll_stock - Stock cache updated for 0 products
2026-01-27 03:37:00,863 - INFO - __main__ - poll_stock - Starting stock polling cycle
2026-01-27 03:37:01,795 - INFO - __main__ - poll_stock - Stock cache updated for 0 products
2026-01-27 03:41:51,628 - INFO - __main__ - poll_stock - Starting stock polling cycle
2026-01-27 03:41:52,363 - INFO - __main__ - poll_stock - Stock cache updated for 0 products
2026-01-27 03:42:01,796 - INFO - __main__ - poll_stock - Starting stock polling cycle
2026-01-27 03:42:02,493 - INFO - __main__ - poll_stock - Stock cache updated for 0 products
2026-01-27 03:46:52,365 - INFO - __main__ - poll_stock - Starting stock polling cycle
2026-01-27 03:46:53,135 - INFO - __main__ - poll_stock - Stock cache updated for 0 products
2026-01-27 03:47:02,494 - INFO - __main__ - poll_stock - Starting stock polling cycle
2026-01-27 03:47:03,202 - INFO - __main__ - poll_stock - Stock cache updated for 0 products
2026-01-27 03:51:53,136 - INFO - __main__ - poll_stock - Starting stock polling cycle
2026-01-27 03:51:53,798 - INFO - __main__ - poll_stock - Stock cache updated for 0 products
2026-01-27 03:52:03,202 - INFO - __main__ - poll_stock - Starting stock polling cycle
2026-01-27 03:52:03,854 - INFO - __main__ - poll_stock - Stock cache updated for 0 products
2026-01-27 03:56:53,799 - INFO - __main__ - poll_stock - Starting stock polling cycle
2026-01-27 03:56:54,574 - INFO - __main__ - poll_stock - Stock cache updated for 0 products
2026-01-27 03:57:03,855 - INFO - __main__ - poll_stock - Starting stock polling cycle
2026-01-27 03:57:04,449 - INFO - __main__ - poll_stock - Stock cache updated for 0 products
2026-01-27 04:01:54,575 - INFO - __main__ - poll_stock - Starting stock polling cycle
2026-01-27 04:01:55,335 - INFO - __main__ - poll_stock - Stock cache updated for 0 products
2026-01-27 04:02:04,449 - INFO - __main__ - poll_stock - Starting stock polling cycle
2026-01-27 04:02:05,244 - INFO - __main__ - poll_stock - Stock cache updated for 0 products
2026-01-27 04:06:55,336 - INFO - __main__ - poll_stock - Starting stock polling cycle
2026-01-27 04:06:56,203 - INFO - __main__ - poll_stock - Stock cache updated for 0 products
2026-01-27 04:07:05,244 - INFO - __main__ - poll_stock - Starting stock polling cycle
2026-01-27 04:07:05,918 - INFO - __main__ - poll_stock - Stock cache updated for 0 products
2026-01-27 04:11:56,204 - INFO - __main__ - poll_stock - Starting stock polling cycle
2026-01-27 04:11:56,775 - INFO - __main__ - poll_stock - Stock cache updated for 0 products
2026-01-27 04:12:05,918 - INFO - __main__ - poll_stock - Starting stock polling cycle
2026-01-27 04:12:06,807 - INFO - __main__ - poll_stock - Stock cache updated for 0 products
2026-01-27 04:16:56,776 - INFO - __main__ - poll_stock - Starting stock polling cycle
2026-01-27 04:16:57,432 - INFO - __main__ - poll_stock - Stock cache updated for 0 products
2026-01-27 04:17:06,807 - INFO - __main__ - poll_stock - Starting stock polling cycle
2026-01-27 04:17:07,362 - INFO - __main__ - poll_stock - Stock cache updated for 0 products
2026-01-27 04:21:57,433 - INFO - __main__ - poll_stock - Starting stock polling cycle
2026-01-27 04:21:58,063 - INFO - __main__ - poll_stock - Stock cache updated for 0 products
2026-01-27 04:22:07,362 - INFO - __main__ - poll_stock - Starting stock polling cycle
2026-01-27 04:22:07,995 - INFO - __main__ - poll_stock - Stock cache updated for 0 products
2026-01-27 04:26:58,063 - INFO - __main__ - poll_stock - Starting stock polling cycle
2026-01-27 04:26:58,801 - INFO - __main__ - poll_stock - Stock cache updated for 0 products
2026-01-27 04:27:07,996 - INFO - __main__ - poll_stock - Starting stock polling cycle
2026-01-27 04:27:08,834 - INFO - __main__ - poll_stock - Stock cache updated for 0 products
2026-01-27 04:31:58,801 - INFO - __main__ - poll_stock - Starting stock polling cycle
2026-01-27 04:31:59,508 - INFO - __main__ - poll_stock - Stock cache updated for 0 products
2026-01-27 04:32:08,834 - INFO - __main__ - poll_stock - Starting stock polling cycle
2026-01-27 04:32:09,378 - INFO - __main__ - poll_stock - Stock cache updated for 0 products
2026-01-27 04:36:59,509 - INFO - __main__ - poll_stock - Starting stock polling cycle
2026-01-27 04:37:00,400 - INFO - __main__ - poll_stock - Stock cache updated for 0 products
2026-01-27 04:37:09,378 - INFO - __main__ - poll_stock - Starting stock polling cycle
2026-01-27 04:37:10,041 - INFO - __main__ - poll_stock - Stock cache updated for 0 products
2026-01-27 04:42:00,401 - INFO - __main__ - poll_stock - Starting stock polling cycle
2026-01-27 04:42:01,157 - INFO - __main__ - poll_stock - Stock cache updated for 0 products
2026-01-27 04:42:10,042 - INFO - __main__ - poll_stock - Starting stock polling cycle
2026-01-27 04:42:10,783 - INFO - __main__ - poll_stock - Stock cache updated for 0 products
2026-01-27 04:47:01,157 - INFO - __main__ - poll_stock - Starting stock polling cycle
2026-01-27 04:47:01,813 - INFO - __main__ - poll_stock - Stock cache updated for 0 products
2026-01-27 04:47:10,784 - INFO - __main__ - poll_stock - Starting stock polling cycle
2026-01-27 04:47:11,495 - INFO - __main__ - poll_stock - Stock cache updated for 0 products
2026-01-27 04:52:01,813 - INFO - __main__ - poll_stock - Starting stock polling cycle
2026-01-27 04:52:02,468 - INFO - __main__ - poll_stock - Stock cache updated for 0 products
2026-01-27 04:52:11,496 - INFO - __main__ - poll_stock - Starting stock polling cycle
2026-01-27 04:52:12,477 - INFO - __main__ - poll_stock - Stock cache updated for 0 products
2026-01-27 04:57:02,469 - INFO - __main__ - poll_stock - Starting stock polling cycle
2026-01-27 04:57:03,092 - INFO - __main__ - poll_stock - Stock cache updated for 0 products
2026-01-27 04:57:12,477 - INFO - __main__ - poll_stock - Starting stock polling cycle
2026-01-27 04:57:13,127 - INFO - __main__ - poll_stock - Stock cache updated for 0 products
2026-01-27 05:02:03,093 - INFO - __main__ - poll_stock - Starting stock polling cycle
2026-01-27 05:02:04,011 - INFO - __main__ - poll_stock - Stock cache updated for 0 products
2026-01-27 05:02:13,127 - INFO - __main__ - poll_stock - Starting stock polling cycle
2026-01-27 05:02:13,772 - INFO - __main__ - poll_stock - Stock cache updated for 0 products
2026-01-27 05:07:04,012 - INFO - __main__ - poll_stock - Starting stock polling cycle
2026-01-27 05:07:04,642 - INFO - __main__ - poll_stock - Stock cache updated for 0 products
2026-01-27 05:07:13,772 - INFO - __main__ - poll_stock - Starting stock polling cycle
2026-01-27 05:07:14,493 - INFO - __main__ - poll_stock - Stock cache updated for 0 products
2026-01-27 05:12:04,643 - INFO - __main__ - poll_stock - Starting stock polling cycle
2026-01-27 05:12:05,390 - INFO - __main__ - poll_stock - Stock cache updated for 0 products
2026-01-27 05:12:14,493 - INFO - __main__ - poll_stock - Starting stock polling cycle
2026-01-27 05:12:15,155 - INFO - __main__ - poll_stock - Stock cache updated for 0 products
2026-01-27 05:17:05,391 - INFO - __main__ - poll_stock - Starting stock polling cycle
2026-01-27 05:17:06,046 - INFO - __main__ - poll_stock - Stock cache updated for 0 products
2026-01-27 05:17:15,155 - INFO - __main__ - poll_stock - Starting stock polling cycle
2026-01-27 05:17:16,088 - INFO - __main__ - poll_stock - Stock cache updated for 0 products
2026-01-27 05:22:06,047 - INFO - __main__ - poll_stock - Starting stock polling cycle
2026-01-27 05:22:06,751 - INFO - __main__ - poll_stock - Stock cache updated for 0 products
2026-01-27 05:22:16,089 - INFO - __main__ - poll_stock - Starting stock polling cycle
2026-01-27 05:22:16,718 - INFO - __main__ - poll_stock - Stock cache updated for 0 products
2026-01-27 05:27:06,751 - INFO - __main__ - poll_stock - Starting stock polling cycle
2026-01-27 05:27:07,324 - INFO - __main__ - poll_stock - Stock cache updated for 0 products
2026-01-27 05:27:16,719 - INFO - __main__ - poll_stock - Starting stock polling cycle
2026-01-27 05:27:17,371 - INFO - __main__ - poll_stock - Stock cache updated for 0 products
2026-01-27 05:32:07,324 - INFO - __main__ - poll_stock - Starting stock polling cycle
2026-01-27 05:32:08,066 - INFO - __main__ - poll_stock - Stock cache updated for 0 products
2026-01-27 05:32:17,372 - INFO - __main__ - poll_stock - Starting stock polling cycle
2026-01-27 05:32:18,307 - INFO - __main__ - poll_stock - Stock cache updated for 0 products
2026-01-27 05:37:08,066 - INFO - __main__ - poll_stock - Starting stock polling cycle
2026-01-27 05:37:08,604 - INFO - __main__ - poll_stock - Stock cache updated for 0 products
2026-01-27 05:37:18,308 - INFO - __main__ - poll_stock - Starting stock polling cycle
2026-01-27 05:37:19,152 - INFO - __main__ - poll_stock - Stock cache updated for 0 products
2026-01-27 05:42:08,605 - INFO - __main__ - poll_stock - Starting stock polling cycle
2026-01-27 05:42:09,483 - INFO - __main__ - poll_stock - Stock cache updated for 0 products
2026-01-27 05:42:19,153 - INFO - __main__ - poll_stock - Starting stock polling cycle
2026-01-27 05:42:19,707 - INFO - __main__ - poll_stock - Stock cache updated for 0 products
2026-01-27 05:47:09,484 - INFO - __main__ - poll_stock - Starting stock polling cycle
2026-01-27 05:47:10,186 - INFO - __main__ - poll_stock - Stock cache updated for 0 products
2026-01-27 05:47:19,707 - INFO - __main__ - poll_stock - Starting stock polling cycle
2026-01-27 05:47:20,370 - INFO - __main__ - poll_stock - Stock cache updated for 0 products
2026-01-27 05:52:10,187 - INFO - __main__ - poll_stock - Starting stock polling cycle
2026-01-27 05:52:11,128 - INFO - __main__ - poll_stock - Stock cache updated for 0 products
2026-01-27 05:52:20,371 - INFO - __main__ - poll_stock - Starting stock polling cycle
2026-01-27 05:52:21,020 - INFO - __main__ - poll_stock - Stock cache updated for 0 products
2026-01-27 05:57:11,128 - INFO - __main__ - poll_stock - Starting stock polling cycle
2026-01-27 05:57:11,761 - INFO - __main__ - poll_stock - Stock cache updated for 0 products
2026-01-27 05:57:21,021 - INFO - __main__ - poll_stock - Starting stock polling cycle
2026-01-27 05:57:21,519 - INFO - __main__ - poll_stock - Stock cache updated for 0 products
2026-01-27 06:02:11,762 - INFO - __main__ - poll_stock - Starting stock polling cycle
2026-01-27 06:02:12,428 - INFO - __main__ - poll_stock - Stock cache updated for 0 products
2026-01-27 06:02:21,520 - INFO - __main__ - poll_stock - Starting stock polling cycle
2026-01-27 06:02:22,318 - INFO - __main__ - poll_stock - Stock cache updated for 0 products
2026-01-27 06:07:12,428 - INFO - __main__ - poll_stock - Starting stock polling cycle
2026-01-27 06:07:13,240 - INFO - __main__ - poll_stock - Stock cache updated for 0 products
2026-01-27 06:07:22,319 - INFO - __main__ - poll_stock - Starting stock polling cycle
2026-01-27 06:07:22,958 - INFO - __main__ - poll_stock - Stock cache updated for 0 products
2026-01-27 06:12:13,240 - INFO - __main__ - poll_stock - Starting stock polling cycle
2026-01-27 06:12:13,994 - INFO - __main__ - poll_stock - Stock cache updated for 0 products
2026-01-27 06:12:22,959 - INFO - __main__ - poll_stock - Starting stock polling cycle
2026-01-27 06:12:23,605 - INFO - __main__ - poll_stock - Stock cache updated for 0 products
2026-01-27 06:17:13,994 - INFO - __main__ - poll_stock - Starting stock polling cycle
2026-01-27 06:17:14,509 - INFO - __main__ - poll_stock - Stock cache updated for 0 products
2026-01-27 06:17:23,605 - INFO - __main__ - poll_stock - Starting stock polling cycle
2026-01-27 06:17:24,262 - INFO - __main__ - poll_stock - Stock cache updated for 0 products
2026-01-27 06:22:14,509 - INFO - __main__ - poll_stock - Starting stock polling cycle
2026-01-27 06:22:15,052 - INFO - __main__ - poll_stock - Stock cache updated for 0 products
2026-01-27 06:22:24,263 - INFO - __main__ - poll_stock - Starting stock polling cycle
2026-01-27 06:22:24,913 - INFO - __main__ - poll_stock - Stock cache updated for 0 products
2026-01-27 06:27:15,053 - INFO - __main__ - poll_stock - Starting stock polling cycle
2026-01-27 06:27:15,528 - INFO - __main__ - poll_stock - Stock cache updated for 0 products
2026-01-27 06:27:24,914 - INFO - __main__ - poll_stock - Starting stock polling cycle
2026-01-27 06:27:25,416 - INFO - __main__ - poll_stock - Stock cache updated for 0 products
2026-01-27 06:32:15,529 - INFO - __main__ - poll_stock - Starting stock polling cycle
2026-01-27 06:32:16,019 - INFO - __main__ - poll_stock - Stock cache updated for 0 products
2026-01-27 06:32:25,417 - INFO - __main__ - poll_stock - Starting stock polling cycle
2026-01-27 06:32:26,115 - INFO - __main__ - poll_stock - Stock cache updated for 0 products
2026-01-27 06:37:16,019 - INFO - __main__ - poll_stock - Starting stock polling cycle
2026-01-27 06:37:16,520 - INFO - __main__ - poll_stock - Stock cache updated for 0 products
2026-01-27 06:37:26,116 - INFO - __main__ - poll_stock - Starting stock polling cycle
2026-01-27 06:37:26,825 - INFO - __main__ - poll_stock - Stock cache updated for 0 products
2026-01-27 06:42:16,521 - INFO - __main__ - poll_stock - Starting stock polling cycle
2026-01-27 06:42:17,177 - INFO - __main__ - poll_stock - Stock cache updated for 0 products
2026-01-27 06:42:26,825 - INFO - __main__ - poll_stock - Starting stock polling cycle
2026-01-27 06:42:27,447 - INFO - __main__ - poll_stock - Stock cache updated for 0 products
2026-01-27 06:47:17,177 - INFO - __main__ - poll_stock - Starting stock polling cycle
2026-01-27 06:47:18,098 - INFO - __main__ - poll_stock - Stock cache updated for 0 products
2026-01-27 06:47:27,449 - INFO - __main__ - poll_stock - Starting stock polling cycle
2026-01-27 06:47:27,934 - INFO - __main__ - poll_stock - Stock cache updated for 0 products
2026-01-27 06:52:18,098 - INFO - __main__ - poll_stock - Starting stock polling cycle
2026-01-27 06:52:18,862 - INFO - __main__ - poll_stock - Stock cache updated for 0 products
2026-01-27 06:52:27,935 - INFO - __main__ - poll_stock - Starting stock polling cycle
2026-01-27 06:52:28,429 - INFO - __main__ - poll_stock - Stock cache updated for 0 products
2026-01-27 06:57:18,862 - INFO - __main__ - poll_stock - Starting stock polling cycle
2026-01-27 06:57:19,495 - INFO - __main__ - poll_stock - Stock cache updated for 0 products
2026-01-27 06:57:28,430 - INFO - __main__ - poll_stock - Starting stock polling cycle
2026-01-27 06:57:29,260 - INFO - __main__ - poll_stock - Stock cache updated for 0 products
2026-01-27 07:02:19,496 - INFO - __main__ - poll_stock - Starting stock polling cycle
2026-01-27 07:02:20,105 - INFO - __main__ - poll_stock - Stock cache updated for 0 products
2026-01-27 07:02:29,261 - INFO - __main__ - poll_stock - Starting stock polling cycle
2026-01-27 07:02:30,125 - INFO - __main__ - poll_stock - Stock cache updated for 0 products
2026-01-27 07:07:20,105 - INFO - __main__ - poll_stock - Starting stock polling cycle
2026-01-27 07:07:20,609 - INFO - __main__ - poll_stock - Stock cache updated for 0 products
2026-01-27 07:07:30,125 - INFO - __main__ - poll_stock - Starting stock polling cycle
2026-01-27 07:07:30,709 - INFO - __main__ - poll_stock - Stock cache updated for 0 products
2026-01-27 07:12:20,609 - INFO - __main__ - poll_stock - Starting stock polling cycle
2026-01-27 07:12:21,432 - INFO - __main__ - poll_stock - Stock cache updated for 0 products
2026-01-27 07:12:30,710 - INFO - __main__ - poll_stock - Starting stock polling cycle
2026-01-27 07:12:31,379 - INFO - __main__ - poll_stock - Stock cache updated for 0 products
2026-01-27 07:17:21,433 - INFO - __main__ - poll_stock - Starting stock polling cycle
2026-01-27 07:17:21,991 - INFO - __main__ - poll_stock - Stock cache updated for 0 products
2026-01-27 07:17:31,380 - INFO - __main__ - poll_stock - Starting stock polling cycle
2026-01-27 07:17:32,382 - INFO - __main__ - poll_stock - Stock cache updated for 0 products
2026-01-27 07:22:21,992 - INFO - __main__ - poll_stock - Starting stock polling cycle
2026-01-27 07:22:22,491 - INFO - __main__ - poll_stock - Stock cache updated for 0 products
2026-01-27 07:22:32,383 - INFO - __main__ - poll_stock - Starting stock polling cycle
2026-01-27 07:22:33,050 - INFO - __main__ - poll_stock - Stock cache updated for 0 products
2026-01-27 07:27:22,492 - INFO - __main__ - poll_stock - Starting stock polling cycle
2026-01-27 07:27:23,099 - INFO - __main__ - poll_stock - Stock cache updated for 0 products
2026-01-27 07:27:33,050 - INFO - __main__ - poll_stock - Starting stock polling cycle
2026-01-27 07:27:33,774 - INFO - __main__ - poll_stock - Stock cache updated for 0 products
2026-01-27 07:32:23,100 - INFO - __main__ - poll_stock - Starting stock polling cycle
2026-01-27 07:32:23,613 - INFO - __main__ - poll_stock - Stock cache updated for 0 products
2026-01-27 07:32:33,775 - INFO - __main__ - poll_stock - Starting stock polling cycle
2026-01-27 07:32:34,438 - INFO - __main__ - poll_stock - Stock cache updated for 0 products
2026-01-27 07:37:23,613 - INFO - __main__ - poll_stock - Starting stock polling cycle
2026-01-27 07:37:24,208 - INFO - __main__ - poll_stock - Stock cache updated for 0 products
2026-01-27 07:37:34,439 - INFO - __main__ - poll_stock - Starting stock polling cycle
2026-01-27 07:37:34,960 - INFO - __main__ - poll_stock - Stock cache updated for 0 products
2026-01-27 07:42:24,208 - INFO - __main__ - poll_stock - Starting stock polling cycle
2026-01-27 07:42:24,886 - INFO - __main__ - poll_stock - Stock cache updated for 0 products
2026-01-27 07:42:34,984 - INFO - __main__ - poll_stock - Starting stock polling cycle
2026-01-27 07:42:35,639 - INFO - __main__ - poll_stock - Stock cache updated for 0 products
2026-01-27 07:47:24,886 - INFO - __main__ - poll_stock - Starting stock polling cycle
2026-01-27 07:47:25,407 - INFO - __main__ - poll_stock - Stock cache updated for 0 products
2026-01-27 07:47:35,639 - INFO - __main__ - poll_stock - Starting stock polling cycle
2026-01-27 07:47:40,354 - INFO - __main__ - poll_stock - Stock cache updated for 0 products
2026-01-27 07:52:25,407 - INFO - __main__ - poll_stock - Starting stock polling cycle
2026-01-27 07:52:25,911 - INFO - __main__ - poll_stock - Stock cache updated for 0 products
2026-01-27 07:52:40,355 - INFO - __main__ - poll_stock - Starting stock polling cycle
2026-01-27 07:52:40,877 - INFO - __main__ - poll_stock - Stock cache updated for 0 products
2026-01-27 07:57:25,912 - INFO - __main__ - poll_stock - Starting stock polling cycle
2026-01-27 07:57:26,490 - INFO - __main__ - poll_stock - Stock cache updated for 0 products
2026-01-27 07:57:40,882 - INFO - __main__ - poll_stock - Starting stock polling cycle
2026-01-27 07:57:41,495 - INFO - __main__ - poll_stock - Stock cache updated for 0 products
2026-01-27 08:02:26,490 - INFO - __main__ - poll_stock - Starting stock polling cycle
2026-01-27 08:02:27,403 - INFO - __main__ - poll_stock - Stock cache updated for 0 products
2026-01-27 08:02:41,496 - INFO - __main__ - poll_stock - Starting stock polling cycle
2026-01-27 08:02:42,225 - INFO - __main__ - poll_stock - Stock cache updated for 0 products
2026-01-27 08:07:27,404 - INFO - __main__ - poll_stock - Starting stock polling cycle
2026-01-27 08:07:28,065 - INFO - __main__ - poll_stock - Stock cache updated for 0 products
2026-01-27 08:07:42,225 - INFO - __main__ - poll_stock - Starting stock polling cycle
2026-01-27 08:07:42,815 - INFO - __main__ - poll_stock - Stock cache updated for 0 products
2026-01-27 08:12:28,066 - INFO - __main__ - poll_stock - Starting stock polling cycle
2026-01-27 08:12:28,851 - INFO - __main__ - poll_stock - Stock cache updated for 0 products
2026-01-27 08:12:42,815 - INFO - __main__ - poll_stock - Starting stock polling cycle
2026-01-27 08:12:43,529 - INFO - __main__ - poll_stock - Stock cache updated for 0 products
2026-01-27 08:17:28,853 - INFO - __main__ - poll_stock - Starting stock polling cycle
2026-01-27 08:17:29,389 - INFO - __main__ - poll_stock - Stock cache updated for 0 products
2026-01-27 08:17:43,529 - INFO - __main__ - poll_stock - Starting stock polling cycle
2026-01-27 08:17:44,337 - INFO - __main__ - poll_stock - Stock cache updated for 0 products
2026-01-27 08:22:29,389 - INFO - __main__ - poll_stock - Starting stock polling cycle
2026-01-27 08:22:29,938 - INFO - __main__ - poll_stock - Stock cache updated for 0 products
2026-01-27 08:22:44,338 - INFO - __main__ - poll_stock - Starting stock polling cycle
2026-01-27 08:22:45,099 - INFO - __main__ - poll_stock - Stock cache updated for 0 products
2026-01-27 08:27:29,939 - INFO - __main__ - poll_stock - Starting stock polling cycle
2026-01-27 08:27:30,699 - INFO - __main__ - poll_stock - Stock cache updated for 0 products
2026-01-27 08:27:45,099 - INFO - __main__ - poll_stock - Starting stock polling cycle
2026-01-27 08:27:45,843 - INFO - __main__ - poll_stock - Stock cache updated for 0 products
2026-01-27 08:32:30,700 - INFO - __main__ - poll_stock - Starting stock polling cycle
2026-01-27 08:32:31,465 - INFO - __main__ - poll_stock - Stock cache updated for 0 products
2026-01-27 08:32:45,843 - INFO - __main__ - poll_stock - Starting stock polling cycle
2026-01-27 08:32:46,514 - INFO - __main__ - poll_stock - Stock cache updated for 0 products
2026-01-27 08:37:31,466 - INFO - __main__ - poll_stock - Starting stock polling cycle
2026-01-27 08:37:46,516 - INFO - __main__ - poll_stock - Starting stock polling cycle
2026-01-27 08:39:43,827 - ERROR - __main__ - poll_stock - Error polling stock: ('Connection aborted.', ConnectionResetError(104, 'Connection reset by peer'))
Traceback (most recent call last):
  File "/usr/lib/python3/dist-packages/urllib3/connectionpool.py", line 787, in urlopen
    response = self._make_request(
        conn,
    ...<10 lines>...
        **response_kw,
    )
  File "/usr/lib/python3/dist-packages/urllib3/connectionpool.py", line 534, in _make_request
    response = conn.getresponse()
  File "/usr/lib/python3/dist-packages/urllib3/connection.py", line 565, in getresponse
    httplib_response = super().getresponse()
  File "/usr/lib/python3.13/http/client.py", line 1430, in getresponse
    response.begin()
    ~~~~~~~~~~~~~~^^
  File "/usr/lib/python3.13/http/client.py", line 331, in begin
    version, status, reason = self._read_status()
                              ~~~~~~~~~~~~~~~~~^^
  File "/usr/lib/python3.13/http/client.py", line 292, in _read_status
    line = str(self.fp.readline(_MAXLINE + 1), "iso-8859-1")
               ~~~~~~~~~~~~~~~~^^^^^^^^^^^^^^
  File "/usr/lib/python3.13/socket.py", line 719, in readinto
    return self._sock.recv_into(b)
           ~~~~~~~~~~~~~~~~~~~~^^^
  File "/usr/lib/python3.13/ssl.py", line 1304, in recv_into
    return self.read(nbytes, buffer)
           ~~~~~~~~~^^^^^^^^^^^^^^^^
  File "/usr/lib/python3.13/ssl.py", line 1138, in read
    return self._sslobj.read(len, buffer)
           ~~~~~~~~~~~~~~~~~^^^^^^^^^^^^^
ConnectionResetError: [Errno 104] Connection reset by peer

During handling of the above exception, another exception occurred:

Traceback (most recent call last):
  File "/usr/lib/python3/dist-packages/requests/adapters.py", line 667, in send
    resp = conn.urlopen(
        method=request.method,
    ...<9 lines>...
        chunked=chunked,
    )
  File "/usr/lib/python3/dist-packages/urllib3/connectionpool.py", line 841, in urlopen
    retries = retries.increment(
        method, url, error=new_e, _pool=self, _stacktrace=sys.exc_info()[2]
    )
  File "/usr/lib/python3/dist-packages/urllib3/util/retry.py", line 474, in increment
    raise reraise(type(error), error, _stacktrace)
          ~~~~~~~^^^^^^^^^^^^^^^^^^^^^^^^^^^^^^^^^
  File "/usr/lib/python3/dist-packages/urllib3/util/util.py", line 38, in reraise
    raise value.with_traceback(tb)
  File "/usr/lib/python3/dist-packages/urllib3/connectionpool.py", line 787, in urlopen
    response = self._make_request(
        conn,
    ...<10 lines>...
        **response_kw,
    )
  File "/usr/lib/python3/dist-packages/urllib3/connectionpool.py", line 534, in _make_request
    response = conn.getresponse()
  File "/usr/lib/python3/dist-packages/urllib3/connection.py", line 565, in getresponse
    httplib_response = super().getresponse()
  File "/usr/lib/python3.13/http/client.py", line 1430, in getresponse
    response.begin()
    ~~~~~~~~~~~~~~^^
  File "/usr/lib/python3.13/http/client.py", line 331, in begin
    version, status, reason = self._read_status()
                              ~~~~~~~~~~~~~~~~~^^
  File "/usr/lib/python3.13/http/client.py", line 292, in _read_status
    line = str(self.fp.readline(_MAXLINE + 1), "iso-8859-1")
               ~~~~~~~~~~~~~~~~^^^^^^^^^^^^^^
  File "/usr/lib/python3.13/socket.py", line 719, in readinto
    return self._sock.recv_into(b)
 2026-01-27 08:40:06,152 - ERROR - __main__ - poll_stock - Error polling stock: ('Connection aborted.', ConnectionResetError(104, 'Connection reset by peer'))
Traceback (most recent call last):
  File "/usr/lib/python3/dist-packages/urllib3/connectionpool.py", line 787, in urlopen
    response = self._make_request(
        conn,
    ...<10 lines>...
        **response_kw,
    )
  File "/usr/lib/python3/dist-packages/urllib3/connectionpool.py", line 534, in _make_request
    response = conn.getresponse()
  File "/usr/lib/python3/dist-packages/urllib3/connection.py", line 565, in getresponse
    httplib_response = super().getresponse()
  File "/usr/lib/python3.13/http/client.py", line 1430, in getresponse
    response.begin()
    ~~~~~~~~~~~~~~^^
  File "/usr/lib/python3.13/http/client.py", line 331, in begin
    version, status, reason = self._read_status()
                              ~~~~~~~~~~~~~~~~~^^
  File "/usr/lib/python3.13/http/client.py", line 292, in _read_status
    line = str(self.fp.readline(_MAXLINE + 1), "iso-8859-1")
               ~~~~~~~~~~~~~~~~^^^^^^^^^^^^^^
  File "/usr/lib/python3.13/socket.py", line 719, in readinto
    return self._sock.recv_into(b)
           ~~~~~~~~~~~~~~~~~~~~^^^
  File "/usr/lib/python3.13/ssl.py", line 1304, in recv_into
    return self.read(nbytes, buffer)
           ~~~~~~~~~^^^^^^^^^^^^^^^^
  File "/usr/lib/python3.13/ssl.py", line 1138, in read
    return self._sslobj.read(len, buffer)
           ~~~~~~~~~~~~~~~~~^^^^^^^^^^^^^
ConnectionResetError: [Errno 104] Connection reset by peer

During handling of the above exception, another exception occurred:

Traceback (most recent call last):
  File "/usr/lib/python3/dist-packages/requests/adapters.py", line 667, in send
    resp = conn.urlopen(
        method=request.method,
    ...<9 lines>...
        chunked=chunked,
    )
  File "/usr/lib/python3/dist-packages/urllib3/connectionpool.py", line 841, in urlopen
    retries = retries.increment(
        method, url, error=new_e, _pool=self, _stacktrace=sys.exc_info()[2]
    )
  File "/usr/lib/python3/dist-packages/urllib3/util/retry.py", line 474, in increment
    raise reraise(type(error), error, _stacktrace)
          ~~~~~~~^^^^^^^^^^^^^^^^^^^^^^^^^^^^^^^^^
  File "/usr/lib/python3/dist-packages/urllib3/util/util.py", line 38, in reraise
    raise value.with_traceback(tb)
  File "/usr/lib/python3/dist-packages/urllib3/connectionpool.py", line 787, in urlopen
    response = self._make_request(
        conn,
    ...<10 lines>...
        **response_kw,
    )
  File "/usr/lib/python3/dist-packages/urllib3/connectionpool.py", line 534, in _make_request
    response = conn.getresponse()
  File "/usr/lib/python3/dist-packages/urllib3/connection.py", line 565, in getresponse
    httplib_response = super().getresponse()
  File "/usr/lib/python3.13/http/client.py", line 1430, in getresponse
    response.begin()
    ~~~~~~~~~~~~~~^^
  File "/usr/lib/python3.13/http/client.py", line 331, in begin
    version, status, reason = self._read_status()
                              ~~~~~~~~~~~~~~~~~^^
  File "/usr/lib/python3.13/http/client.py", line 292, in _read_status
    line = str(self.fp.readline(_MAXLINE + 1), "iso-8859-1")
               ~~~~~~~~~~~~~~~~^^^^^^^^^^^^^^
  File "/usr/lib/python3.13/socket.py", line 719, in readinto
    return self._sock.recv_into(b)
           ~~~~~~~~~~~~~~~~~~~~^^^
  File "/usr/lib/python3.13/ssl.py", line 1304, in recv_into
    return self.read(nbytes, buffer)
           ~~~~~~~~~^^^^^^^^^^^^^^^^
  File "/usr/lib/python3.13/ssl.py", line 1138, in read
    return self._sslobj.read(len, buffer)
           ~~~~~~~~~~~~~~~~~^^^^^^^^^^^^^
urllib3.exceptions.ProtocolError: ('Connection aborted.', ConnectionResetError(104, 'Connection reset by peer'))

During handling of the above exception, another exception occurred:

Traceback (most recent call last):
  File "/home/aundrae/Documents/Owner_Workshop/Customers_Assets/Backend/shop_app.py", line 71, in poll_stock
    products_response = api.get_products()
  File "/home/aundrae/Documents/Owner_Workshop/Custome          ~~~~~~~~~~~~~~~~~~~~^^^
  File "/usr/lib/python3.13/ssl.py", line 1304, in recv_into
    return self.read(nbytes, buffer)
           ~~~~~~~~~^^^^^^^^^^^^^^^^
  File "/usr/lib/python3.13/ssl.py", line 1138, in read
    return self._sslobj.read(len, buffer)
           ~~~~~~~~~~~~~~~~~^^^^^^^^^^^^^
urllib3.exceptions.ProtocolError: ('Connection aborted.', ConnectionResetError(104, 'Connection reset by peer'))

During handling of the above exception, another exception occurred:

Traceback (most recent call last):
  File "/home/aundrae/Documents/Owner_Workshop/Customers_Assets/Backend/shop_app.py", line 71, in poll_stock
    products_response = api.get_products()
  File "/home/aundrae/Documents/Owner_Workshop/Customers_Assets/Backend/printful_client.py", line 64, in get_products
    return self._get("/v2/catalog-products", params=params)
           ~~~~~~~~~^^^^^^^^^^^^^^^^^^^^^^^^^^^^^^^^^^^^^^^
  File "/home/aundrae/Documents/Owner_Workshop/Customers_Assets/Backend/printful_client.py", line 32, in _get
    response = self.session.get(url, params=params)
  File "/usr/lib/python3/dist-packages/requests/sessions.py", line 602, in get
    return self.request("GET", url, **kwargs)
           ~~~~~~~~~~~~^^^^^^^^^^^^^^^^^^^^^^
  File "/usr/lib/python3/dist-packages/requests/sessions.py", line 589, in request
    resp = self.send(prep, **send_kwargs)
  File "/usr/lib/python3/dist-packages/requests/sessions.py", line 703, in send
    r = adapter.send(request, **kwargs)
  File "/usr/lib/python3/dist-packages/requests/adapters.py", line 682, in send
    raise ConnectionError(err, request=request)
requests.exceptions.ConnectionError: ('Connection aborted.', ConnectionResetError(104, 'Connection reset by peer'))
2026-01-27 08:44:44,065 - INFO - __main__ - poll_stock - Starting stock polling cycle
2026-01-27 08:44:45,796 - INFO - __main__ - poll_stock - Stock cache updated for 0 products
rs_Assets/Backend/printful_client.py", line 64, in get_products
    return self._get("/v2/catalog-products", params=params)
           ~~~~~~~~~^^^^^^^^^^^^^^^^^^^^^^^^^^^^^^^^^^^^^^^
  File "/home/aundrae/Documents/Owner_Workshop/Customers_Assets/Backend/printful_client.py", line 32, in _get
    response = self.session.get(url, params=params)
  File "/usr/lib/python3/dist-packages/requests/sessions.py", line 602, in get
    return self.request("GET", url, **kwargs)
           ~~~~~~~~~~~~^^^^^^^^^^^^^^^^^^^^^^
  File "/usr/lib/python3/dist-packages/requests/sessions.py", line 589, in request
    resp = self.send(prep, **send_kwargs)
  File "/usr/lib/python3/dist-packages/requests/sessions.py", line 703, in send
    r = adapter.send(request, **kwargs)
  File "/usr/lib/python3/dist-packages/requests/adapters.py", line 682, in send
    raise ConnectionError(err, request=request)
requests.exceptions.ConnectionError: ('Connection aborted.', ConnectionResetError(104, 'Connection reset by peer'))
2026-01-27 08:45:06,166 - INFO - __main__ - poll_stock - Starting stock polling cycle
2026-01-27 08:45:07,068 - INFO - __main__ - poll_stock - Stock cache updated for 0 products
2026-01-27 08:49:45,797 - INFO - __main__ - poll_stock - Starting stock polling cycle
2026-01-27 08:49:46,499 - INFO - __main__ - poll_stock - Stock cache updated for 0 products
2026-01-27 08:50:07,069 - INFO - __main__ - poll_stock - Starting stock polling cycle
2026-01-27 08:50:07,758 - INFO - __main__ - poll_stock - Stock cache updated for 0 products
2026-01-27 08:54:46,500 - INFO - __main__ - poll_stock - Starting stock polling cycle
2026-01-27 08:54:47,103 - INFO - __main__ - poll_stock - Stock cache updated for 0 products
2026-01-27 08:55:07,758 - INFO - __main__ - poll_stock - Starting stock polling cycle
2026-01-27 08:55:08,769 - INFO - __main__ - poll_stock - Stock cache updated for 0 products
2026-01-27 08:59:47,104 - INFO - __main__ - poll_stock - Starting stock polling cycle
2026-01-27 08:59:47,772 - INFO - __main__ - poll_stock - Stock cache updated for 0 products
2026-01-27 09:00:08,769 - INFO - __main__ - poll_stock - Starting stock polling cycle
2026-01-27 09:00:09,416 - INFO - __main__ - poll_stock - Stock cache updated for 0 products
2026-01-27 09:04:47,772 - INFO - __main__ - poll_stock - Starting stock polling cycle
2026-01-27 09:04:48,732 - INFO - __main__ - poll_stock - Stock cache updated for 0 products
2026-01-27 09:05:09,416 - INFO - __main__ - poll_stock - Starting stock polling cycle
2026-01-27 09:05:10,166 - INFO - __main__ - poll_stock - Stock cache updated for 0 products
2026-01-27 09:09:48,732 - INFO - __main__ - poll_stock - Starting stock polling cycle
2026-01-27 09:09:49,411 - INFO - __main__ - poll_stock - Stock cache updated for 0 products
2026-01-27 09:10:10,166 - INFO - __main__ - poll_stock - Starting stock polling cycle
2026-01-27 09:10:10,703 - INFO - __main__ - poll_stock - Stock cache updated for 0 products
2026-01-27 09:14:49,412 - INFO - __main__ - poll_stock - Starting stock polling cycle
2026-01-27 09:14:50,258 - INFO - __main__ - poll_stock - Stock cache updated for 0 products
2026-01-27 09:15:10,704 - INFO - __main__ - poll_stock - Starting stock polling cycle
2026-01-27 09:15:11,248 - INFO - __main__ - poll_stock - Stock cache updated for 0 products
2026-01-27 09:19:50,259 - INFO - __main__ - poll_stock - Starting stock polling cycle
2026-01-27 09:19:51,011 - INFO - __main__ - poll_stock - Stock cache updated for 0 products
2026-01-27 09:20:11,249 - INFO - __main__ - poll_stock - Starting stock polling cycle
2026-01-27 09:20:11,807 - INFO - __main__ - poll_stock - Stock cache updated for 0 products
2026-01-27 09:24:51,012 - INFO - __main__ - poll_stock - Starting stock polling cycle
2026-01-27 09:24:51,557 - INFO - __main__ - poll_stock - Stock cache updated for 0 products
2026-01-27 09:25:11,807 - INFO - __main__ - poll_stock - Starting stock polling cycle
2026-01-27 09:25:12,567 - INFO - __main__ - poll_stock - Stock cache updated for 0 products
2026-01-27 09:29:51,559 - INFO - __main__ - poll_stock - Starting stock polling cycle
2026-01-27 09:29:52,241 - INFO - __main__ - poll_stock - Stock cache updated for 0 products
2026-01-27 09:30:12,567 - INFO - __main__ - poll_stock - Starting stock polling cycle
2026-01-27 09:30:13,431 - INFO - __main__ - poll_stock - Stock cache updated for 0 products
2026-01-27 09:34:52,242 - INFO - __main__ - poll_stock - Starting stock polling cycle
2026-01-27 09:34:52,954 - INFO - __main__ - poll_stock - Stock cache updated for 0 products
2026-01-27 09:35:13,431 - INFO - __main__ - poll_stock - Starting stock polling cycle
2026-01-27 09:35:14,220 - INFO - __main__ - poll_stock - Stock cache updated for 0 products
2026-01-27 09:39:52,955 - INFO - __main__ - poll_stock - Starting stock polling cycle
2026-01-27 09:39:53,578 - INFO - __main__ - poll_stock - Stock cache updated for 0 products
2026-01-27 09:40:14,220 - INFO - __main__ - poll_stock - Starting stock polling cycle
2026-01-27 09:40:14,808 - INFO - __main__ - poll_stock - Stock cache updated for 0 products
2026-01-27 09:44:53,579 - INFO - __main__ - poll_stock - Starting stock polling cycle
2026-01-27 09:44:54,187 - INFO - __main__ - poll_stock - Stock cache updated for 0 products
2026-01-27 09:45:14,809 - INFO - __main__ - poll_stock - Starting stock polling cycle
2026-01-27 09:45:15,523 - INFO - __main__ - poll_stock - Stock cache updated for 0 products
2026-01-27 09:49:54,187 - INFO - __main__ - poll_stock - Starting stock polling cycle
2026-01-27 09:49:54,840 - INFO - __main__ - poll_stock - Stock cache updated for 0 products
2026-01-27 09:50:15,524 - INFO - __main__ - poll_stock - Starting stock polling cycle
2026-01-27 09:50:16,504 - INFO - __main__ - poll_stock - Stock cache updated for 0 products
2026-01-27 09:54:54,840 - INFO - __main__ - poll_stock - Starting stock polling cycle
2026-01-27 09:54:55,402 - INFO - __main__ - poll_stock - Stock cache updated for 0 products
2026-01-27 09:55:16,505 - INFO - __main__ - poll_stock - Starting stock polling cycle
2026-01-27 09:55:17,218 - INFO - __main__ - poll_stock - Stock cache updated for 0 products
2026-01-27 09:59:55,405 - INFO - __main__ - poll_stock - Starting stock polling cycle
2026-01-27 09:59:55,916 - INFO - __main__ - poll_stock - Stock cache updated for 0 products
2026-01-27 10:04:55,916 - INFO - __main__ - poll_stock - Starting stock polling cycle
2026-01-27 10:04:56,610 - INFO - __main__ - poll_stock - Stock cache updated for 0 products
2026-01-27 10:00:17,218 - INFO - __main__ - poll_stock - Starting stock polling cycle
2026-01-27 10:00:17,978 - INFO - __main__ - poll_stock - Stock cache updated for 0 products
2026-01-27 10:05:17,979 - INFO - __main__ - poll_stock - Starting stock polling cycle
2026-01-27 10:05:18,720 - INFO - __main__ - poll_stock - Stock cache updated for 0 products
2026-01-27 10:09:56,610 - INFO - __main__ - poll_stock - Starting stock polling cycle
2026-01-27 10:09:57,123 - INFO - __main__ - poll_stock - Stock cache updated for 0 products
2026-01-27 10:10:18,721 - INFO - __main__ - poll_stock - Starting stock polling cycle
2026-01-27 10:10:19,354 - INFO - __main__ - poll_stock - Stock cache updated for 0 products
2026-01-27 10:14:57,124 - INFO - __main__ - poll_stock - Starting stock polling cycle
2026-01-27 10:14:57,648 - INFO - __main__ - poll_stock - Stock cache updated for 0 products
2026-01-27 10:15:19,355 - INFO - __main__ - poll_stock - Starting stock polling cycle
2026-01-27 10:15:19,867 - INFO - __main__ - poll_stock - Stock cache updated for 0 products
2026-01-27 10:19:57,649 - INFO - __main__ - poll_stock - Starting stock polling cycle
2026-01-27 10:19:58,337 - INFO - __main__ - poll_stock - Stock cache updated for 0 products
2026-01-27 10:20:19,868 - INFO - __main__ - poll_stock - Starting stock polling cycle
2026-01-27 10:20:20,580 - INFO - __main__ - poll_stock - Stock cache updated for 0 products
2026-01-27 10:24:58,339 - INFO - __main__ - poll_stock - Starting stock polling cycle
2026-01-27 10:24:58,921 - INFO - __main__ - poll_stock - Stock cache updated for 0 products
2026-01-27 10:25:20,581 - INFO - __main__ - poll_stock - Starting stock polling cycle
2026-01-27 10:25:21,144 - INFO - __main__ - poll_stock - Stock cache updated for 0 products
2026-01-27 10:29:58,922 - INFO - __main__ - poll_stock - Starting stock polling cycle
2026-01-27 10:29:59,462 - INFO - __main__ - poll_stock - Stock cache updated for 0 products
2026-01-27 10:30:21,145 - INFO - __main__ - poll_stock - Starting stock polling cycle
2026-01-27 10:30:21,696 - INFO - __main__ - poll_stock - Stock cache updated for 0 products
2026-01-27 10:34:59,463 - INFO - __main__ - poll_stock - Starting stock polling cycle
2026-01-27 10:35:00,120 - INFO - __main__ - poll_stock - Stock cache updated for 0 products
2026-01-27 10:35:21,716 - INFO - __main__ - poll_stock - Starting stock polling cycle
2026-01-27 10:35:22,441 - INFO - __main__ - poll_stock - Stock cache updated for 0 products
2026-01-27 10:40:00,146 - INFO - __main__ - poll_stock - Starting stock polling cycle
2026-01-27 10:40:00,896 - INFO - __main__ - poll_stock - Stock cache updated for 0 products
2026-01-27 10:40:22,442 - INFO - __main__ - poll_stock - Starting stock polling cycle
2026-01-27 10:40:23,034 - INFO - __main__ - poll_stock - Stock cache updated for 0 products
2026-01-27 10:45:00,896 - INFO - __main__ - poll_stock - Starting stock polling cycle
2026-01-27 10:45:01,642 - INFO - __main__ - poll_stock - Stock cache updated for 0 products
2026-01-27 10:45:23,034 - INFO - __main__ - poll_stock - Starting stock polling cycle
2026-01-27 10:45:23,973 - INFO - __main__ - poll_stock - Stock cache updated for 0 products
2026-01-27 10:50:01,901 - INFO - __main__ - poll_stock - Starting stock polling cycle
2026-01-27 10:50:03,768 - INFO - __main__ - poll_stock - Stock cache updated for 0 products
2026-01-27 10:50:24,135 - INFO - __main__ - poll_stock - Starting stock polling cycle
2026-01-27 10:50:25,780 - INFO - __main__ - poll_stock - Stock cache updated for 0 products
2026-01-27 10:55:03,841 - INFO - __main__ - poll_stock - Starting stock polling cycle
2026-01-27 10:55:05,242 - INFO - __main__ - poll_stock - Stock cache updated for 0 products
2026-01-27 10:55:25,905 - INFO - __main__ - poll_stock - Starting stock polling cycle
2026-01-27 10:55:28,409 - INFO - __main__ - poll_stock - Stock cache updated for 0 products
2026-01-27 11:00:27,257 - INFO - __main__ - poll_stock - Starting stock polling cycle
